sno,complaint,complaint_type,recieved_date,incident_date,county,incident_status_desc,incident_zip,incident_closed_date
1,426571,['Air'],2026-09-29,2026-09-29,Anne Arundel,Under Investigation,21061,
2,426570,['Air'],2026-09-28,2026-10-05,Anne Arundel,Under Investigation,21226,
3,426569,['Air'],2026-09-25,2026-09-25,Anne Arundel,Under Investigation,21401,
4,426567,"['Air', 'Noise Complaint', 'Other']",2026-09-28,2026-09-28,Montgomery,Referred to Outside Agency,20868,
5,426562,['Other'],2026-09-25,2026-09-25,Prince George's,Incident Closed-Managed,,2026-09-28
6,426554,['Air'],2026-09-25,2026-09-25,Anne Arundel,Incident Closed-Managed,,2026-09-25
7,426550,['Other'],2026-09-24,2026-09-24,Prince George's,Incident Closed-Managed,,2026-09-25
8,426549,['Other'],2026-09-23,2026-09-23,Prince George's,Incident Closed-Managed,20785,2026-09-25
9,426539,['Air'],2026-09-23,2026-09-23,Harford,Under Investigation,,
10,426537,['Air Pollutant Release'],2026-09-22,2026-09-22,Allegany,Under Investigation,21502,
11,426534,['Odor'],2026-09-18,2026-09-18,Washington,Under Investigation,21740,
12,426533,['Other'],2026-09-15,2026-09-15,Allegany,Referred to LMA,21502,
13,426532,['Other'],2026-09-17,2026-09-17,Prince George's,Incident Closed-Managed,,2026-09-23
14,426529,['Air'],2026-09-22,2026-09-02,Anne Arundel,Incident Closed-Managed,,2026-09-22
15,426514,['Open Burning'],2026-09-12,2026-09-12,Allegany,Referred to Outside Agency,21557,
16,426512,['Other'],2026-09-17,2026-09-17,Prince George's,Incident Closed-Managed,20785,2026-09-18
17,426511,['Other'],2026-09-16,2026-09-16,Howard,Incident Closed-Managed,,2026-09-18
18,426502,['Air'],2026-09-17,2026-09-17,Frederick,Under Investigation,21703,
19,426499,['Other'],2026-09-12,2026-09-12,Prince George's,Incident Closed-Managed,20737,2026-09-28
20,426497,['Air'],2026-09-16,2026-09-16,Frederick,Under Investigation,21703,
21,426496,['Odor'],2026-09-12,2026-09-12,Dorchester,Incident Closed - No further action,21835,2026-09-12
22,426495,['Odor'],2026-09-12,2026-09-12,Dorchester,Incident Closed - No further action,21835,2026-09-12
23,426486,"['Air', 'Fumes']",2026-09-15,2026-09-14,Montgomery,Referred to Outside Agency,20903,
24,426485,['Air'],2026-09-11,2026-09-11,Montgomery,Incident Closed-Managed,20904,2026-09-15
25,426483,['Air'],2026-09-14,2026-09-15,Anne Arundel,Incident Closed-Managed,21226,2026-09-17
26,426477,['Air'],2026-09-03,2026-09-03,Anne Arundel,Incident Closed - No further action,21060,2026-09-14
27,426476,['Air'],2026-09-10,2026-09-10,Anne Arundel,Incident Closed-Managed,21226,2026-09-17
28,426475,['Air'],2026-09-06,2026-09-06,Anne Arundel,Incident Closed-No Violation Observed,21090,2026-09-17
29,426474,['Air'],2026-09-14,2026-09-14,Anne Arundel,Under Investigation,21401,
30,426473,['Air'],2026-08-28,2026-08-28,Charles,Incident Closed-Managed,20637,2026-09-14
31,426471,['Other'],2026-09-04,2026-09-04,Prince George's,Incident Closed-Managed,,2026-09-14
32,426470,['Odor'],2026-09-09,2026-09-09,Carroll,Incident Closed-Managed,,2026-09-11
33,426469,['Air Pollutant Release'],2026-09-04,2026-09-04,Baltimore City,Incident Closed-Managed,,2026-09-11
34,426466,"['Air', 'Fugitive Dust/Particulate Matter']",2026-09-10,2026-09-10,Montgomery,Referred to Outside Agency,20877,
35,426453,['Odor'],2026-09-03,2026-09-03,Dorchester,Incident Closed - No further action,21835,2026-09-03
36,426452,"['Fugitive Dust/Particulate Matter', 'Fumes', 'Odor']",2026-08-31,2026-08-31,Allegany,Incident Closed - No further action,21501,2026-09-09
37,426445,"['Air', 'Odor']",2026-09-04,2026-09-03,Montgomery,Referred to Outside Agency,,
38,426425,['Other'],2026-08-31,2026-08-31,Howard,Incident Closed-Managed,,2026-09-04
39,426424,['Odor'],2026-08-31,2026-08-31,Dorchester,Incident Closed - No further action,21835,2026-08-31
40,426418,['Odor'],2026-08-24,2026-08-24,Baltimore City,Incident Closed-Managed,,2026-09-02
41,426412,['Other'],2026-08-31,2026-08-31,Howard,Incident Closed-Managed,,2026-09-04
42,426410,['Other'],2026-08-12,2026-08-12,Prince George's,Incident Closed-Managed,20785,2026-09-01
43,426408,['Fugitive Dust/Particulate Matter'],2026-08-18,2026-08-18,Allegany,Under Investigation,21542,
44,426407,"['Air', 'Fumes', 'Odor']",2026-08-24,2026-08-24,Montgomery,Incident Closed-Managed,20850,2026-08-31
45,426406,['Fugitive Dust/Particulate Matter'],2026-08-18,2026-08-18,Allegany,Under Investigation,21542,
46,426404,"['Air', 'Fumes', 'Odor']",2026-08-25,2026-08-24,Montgomery,Incident Closed-Managed,20850,2026-08-31
47,426393,"['Air', 'Fugitive Dust/Particulate Matter']",2026-08-21,2026-08-21,Montgomery,Referred to Outside Agency,20895,
48,426389,['Air'],2026-08-20,2026-08-20,Anne Arundel,Incident Closed - No further action,21140,2026-08-26
49,426388,['Air'],2026-08-26,2026-08-26,Charles,Incident Closed-Managed,20622,2026-08-27
50,426385,['Air'],2026-08-24,2026-08-24,Baltimore,Referred to Outside Agency,,
51,426384,['Air'],2026-08-24,2026-08-24,Harford,Referred to Outside Agency,,
52,426378,['Air'],2026-08-24,2026-08-24,Anne Arundel,Under Investigation,21122,
53,426377,['Other'],2026-08-19,2026-08-19,Washington,Incident Closed - No further action,21740,2026-08-24
54,426374,['Air'],2026-08-21,2026-08-21,Anne Arundel,Incident Closed-No Violation Observed,21113,2026-09-16
55,426373,['Air'],2026-08-23,2026-08-23,Anne Arundel,Incident Closed-Managed,21122,2026-09-17
56,426367,['Other'],2026-08-20,2026-08-20,Prince George's,Incident Closed-Managed,20785,2026-08-21
57,426365,"['Air', 'Fugitive Dust/Particulate Matter']",2026-08-20,2026-08-20,Montgomery,Referred to Outside Agency,20895,
58,426363,"['Air', 'Fugitive Dust/Particulate Matter', 'Odor']",2026-08-19,2026-08-19,Montgomery,Referred to Outside Agency,20815,
59,426359,['Odor'],2026-08-19,2026-08-19,Prince George's,Incident Closed-Managed,,2026-08-21
60,426354,['Air'],2026-08-18,2026-08-18,Cecil,Under Investigation,,
61,426353,['Air'],2026-08-17,2026-08-17,Cecil,Under Investigation,,
62,426346,['Air'],2026-08-17,2026-08-17,Charles,Incident Closed-Managed,,2026-08-17
63,426345,['Air'],2026-08-14,2026-08-14,Frederick,Under Investigation,21704,
64,426343,"['Odor', 'Open Burning', 'Smoke']",2026-08-16,2026-08-16,Washington,Referred to Outside Agency,21740,
65,426342,['Other'],2026-08-10,2026-08-10,Allegany,Incident Closed - No further action,21532,2026-08-17
66,426334,['Other'],2026-08-14,2026-08-14,Prince George's,Incident Closed-Managed,,2026-08-14
67,426319,['Fugitive Dust/Particulate Matter'],2026-08-06,2026-08-06,Baltimore City,Incident Closed-Managed,,2026-08-12
68,426317,['Fugitive Dust/Particulate Matter'],2026-07-14,2026-07-14,Baltimore City,Incident Closed-Managed,,2026-08-12
69,426316,['Fugitive Dust/Particulate Matter'],2026-08-04,2026-08-04,Baltimore City,Incident Closed-Managed,,2026-08-12
70,426315,['Odor'],2026-07-28,2026-07-28,Baltimore City,Incident Closed-Managed,,2026-08-12
71,426311,['ARA AQCP non-regulated entity'],2026-08-10,2026-08-10,Talbot,Incident Closed - No further action,,2026-08-10
72,426304,['Odor'],2026-07-30,2026-07-30,Dorchester,Incident Closed - No further action,21835,2026-07-30
73,426303,['Odor'],2026-07-31,2026-07-31,Dorchester,Incident Closed - No further action,21835,2026-07-31
74,426286,['Air'],2026-08-04,2026-08-04,Anne Arundel,Incident Closed - No further action,21061,2026-08-05
75,426284,['Other'],2026-08-04,2026-08-04,Howard,Incident Closed-Managed,,2026-08-05
76,426282,['Open Burning'],2026-08-03,2026-08-03,Washington,Referred to Outside Agency,21740,
77,426279,['Other'],2026-08-03,2026-08-03,Allegany,Incident Closed - No further action,21532,2026-08-04
78,426278,['Odor'],2026-08-03,2026-07-31,Allegany,Under Investigation,21502,
79,426274,['Air'],2026-07-31,2026-07-31,Anne Arundel,Incident Closed-Managed,21090,2026-09-17
80,426273,['Air'],2026-08-03,2026-08-03,Anne Arundel,Under Investigation,21114,
81,426272,['Air'],2026-08-01,2026-08-01,Frederick,Incident Closed-No Violation Observed,21701,2026-09-28
82,426271,['Air'],2026-07-28,2026-07-28,Anne Arundel,Referred to LMA,21225,
83,426270,['Air'],2026-07-27,2026-07-27,Anne Arundel,Incident Closed-No Violation Observed,21076,2026-08-04
84,426261,['Other'],2026-07-28,2026-07-28,Prince George's,Incident Closed-Managed,,2026-07-31
85,426260,['Other'],2026-07-28,2026-07-27,Prince George's,Incident Closed-Managed,,2026-08-10
86,426253,"['Air', 'Open Burning', 'Smoke']",2026-07-24,2026-07-24,St. Mary's,Referred to Outside Agency,,
87,426252,['Odor'],2026-07-25,2026-07-25,Dorchester,Incident Closed - No further action,21835,2026-07-25
88,426251,['Odor'],2026-07-18,2026-07-18,Dorchester,Incident Closed - No further action,21835,2026-07-18
89,426243,['Fugitive Dust/Particulate Matter'],2026-07-28,2026-07-27,Garrett,Under Investigation,21550,
90,426239,['Other'],2026-07-16,2026-07-16,Allegany,Incident Closed - No further action,21501,2026-07-27
91,426220,['Air'],2026-07-22,2026-07-22,Anne Arundel,Under Investigation,,
92,426217,['Other'],2026-07-20,2026-07-20,Howard,Incident Closed-Managed,21044,2026-08-05
93,426216,['Other'],2026-07-22,2026-07-17,Howard,Incident Closed-Managed,21044,2026-08-10
94,426215,['Air'],2026-07-19,2026-07-19,Charles,Under Investigation,20646,
95,426214,['Air'],2026-07-20,2026-07-20,Anne Arundel,Incident Closed-Managed,21122,2026-07-22
96,426211,['Smoke'],2026-07-20,2026-07-20,Baltimore City,Incident Closed-Managed,21212,2026-07-22
97,426210,['Smoke'],2026-07-20,2026-07-20,Baltimore City,Incident Closed-Managed,21212,2026-07-22
98,426209,['Smoke'],2026-07-20,2026-07-20,Baltimore City,Incident Closed-Managed,21212,2026-07-22
99,426208,['Air'],2026-07-20,2026-07-20,Carroll,Incident Closed - No further action,,2026-07-22
100,426207,['Smoke'],2026-07-20,2026-07-20,Baltimore City,Incident Closed-Managed,21212,2026-07-22
101,426206,['Open Burning'],2026-07-17,2026-07-17,Carroll,Incident Closed-Managed,,2026-07-22
102,426205,['Air'],2026-07-10,2026-07-10,Baltimore,Under Investigation,,
103,426204,['ARA AQCP non-regulated entity'],2026-07-15,2026-07-15,Carroll,Incident Closed-Managed,,2026-07-22
104,426203,['Air'],2026-07-15,2026-07-15,Cecil,Referred to Outside Agency,,
105,426202,['Air'],2026-07-17,2026-07-17,,Referred to ARA,,
106,426201,['Fugitive Dust/Particulate Matter'],2026-07-14,2026-07-14,Carroll,Incident Closed-Managed,,2026-07-22
107,426200,['Air'],2026-07-17,2026-07-17,Baltimore,Referred to Outside Agency,,
108,426199,['Air'],2026-07-17,2026-07-17,Worcester,Incident Closed-Managed,,2026-07-22
109,426198,['Smoke'],2026-07-13,2026-07-13,Baltimore City,Incident Closed-Managed,21212,2026-07-22
110,426197,['Air'],2026-07-20,2026-07-20,Baltimore,Under Investigation,,
111,426196,['Fugitive Dust/Particulate Matter'],2026-07-10,2026-07-10,Baltimore City,Incident Closed-Managed,,2026-07-22
112,426195,['Air'],2026-07-21,2026-07-21,Harford,Under Investigation,,
113,426194,['Air'],2026-07-21,2026-07-21,Baltimore,Referred to Outside Agency,,
114,426193,['Other'],2026-07-10,2026-07-10,Washington,Incident Closed - No further action,,2026-07-22
115,426191,['Air Pollutant Release'],2026-07-10,2026-07-10,Baltimore City,Incident Closed-Managed,,2026-07-22
116,426187,['ARA AQCP non-regulated entity'],2026-07-21,2026-07-16,Talbot,Incident Closed - No further action,21625,2026-07-16
117,426176,['Other'],2026-07-15,2026-07-15,Howard,Incident Closed-Managed,21044,2026-08-05
118,426175,['Other'],2026-07-17,2026-07-16,Howard,Incident Closed-Managed,,2026-07-17
119,426174,['Other'],2026-07-15,2026-07-15,Howard,Incident Closed-Managed,,2026-07-17
120,426164,['Air'],2026-07-15,2026-07-01,Anne Arundel,Incident Closed-Managed,,2026-07-15
121,426153,['Air'],2026-07-13,2026-07-13,,Referred to Outside Agency,,
122,426149,['Other'],2026-07-09,2026-07-09,Prince George's,Incident Closed-Managed,,2026-07-10
123,426148,['Other'],2026-07-08,2026-07-08,Prince George's,Incident Closed-Managed,20785,2026-07-10
124,426139,['Air'],2026-07-06,2026-07-06,Cecil,Referred to Outside Agency,,
125,426137,['Lead Paint Poisoning Complaint'],2026-07-07,,Allegany,Referred to LMA,,
126,426133,['Open Burning'],2026-07-04,2026-07-04,Washington,Referred to Outside Agency,21740,
127,426132,"['Odor', 'Open Burning', 'Smoke']",2026-07-02,2026-07-02,Garrett,Referred to Outside Agency,21531,
128,426130,"['Noise Complaint', 'Other', 'Smoke']",2026-07-02,2026-07-02,Allegany,Incident Closed - No further action,21502,2026-07-07
129,426128,['Air'],2026-07-07,2026-07-06,Anne Arundel,Incident Closed-Managed,21225,2026-07-20
130,426127,['Air'],2026-07-06,2026-07-06,Anne Arundel,Incident Closed - No further action,21122,2026-07-13
131,426126,['Other'],2026-07-01,2026-07-01,Washington,Referred to ARA,21740,
132,426125,"['Odor', 'Smoke']",2026-06-29,2026-06-27,Allegany,Referred to Outside Agency,21502,
133,426123,['Other'],2026-06-23,2026-06-23,Allegany,Incident Closed - No further action,21502,2026-07-07
134,426120,['Air'],2026-07-02,,Cecil,Incident Closed-Managed,,2026-07-06
135,426115,"['Air', 'Fugitive Dust/Particulate Matter', 'Groundwater Contamination', 'Other']",2026-06-24,2026-06-24,Cecil,Referred to WMA,21921,
136,426099,['Air'],2026-06-29,2026-06-29,Baltimore,Incident Closed-Managed,,2026-06-30
137,426094,['Odor'],2026-06-26,2026-06-24,Howard,Incident Closed - No further action,20723,2026-06-26
138,426094,['Odor'],2026-06-24,2026-06-24,Howard,Incident Closed - No further action,20723,2026-06-26
140,426085,['Air'],2026-06-26,2026-06-26,Charles,Under Investigation,,
141,426084,['Air'],2026-06-26,2026-06-26,Anne Arundel,Incident Closed-No Violation Observed,21061,2026-06-30
142,426083,['Air'],2026-06-26,2026-06-26,Frederick,Incident Closed-Managed,21788,2026-06-29
143,426074,"['Air', 'Open Burning', 'Smoke']",2026-06-21,2026-06-19,St. Mary's,Referred to Outside Agency,20674,
144,426072,['Air'],2026-06-19,2026-06-18,Baltimore,Incident Closed-Managed,,2026-07-08
145,426064,"['Fugitive Dust/Particulate Matter', 'Fumes']",2026-06-23,2026-06-17,Montgomery,Referred to Outside Agency,20833,
146,426063,['ARA AQCP non-regulated entity'],2026-06-25,2026-06-12,Dorchester,Incident Closed-Managed,21613,2026-06-12
147,416053,['Odor'],2026-06-24,2026-06-24,Baltimore City,Incident Closed - No further action,,2026-06-24
148,416052,['Fugitive Dust/Particulate Matter'],2026-06-22,2026-06-22,Baltimore City,Incident Closed-Managed,,2026-06-24
149,416051,['Odor'],2026-06-16,2026-06-16,Baltimore City,Incident Closed-Managed,,2026-06-24
151,416037,['Odor'],2026-06-22,2026-06-18,Howard,Incident Closed - No further action,20723,2026-06-22
152,416037,['Odor'],2026-06-21,2026-06-18,Howard,Incident Closed - No further action,20723,2026-06-22
153,416037,['Odor'],2026-06-18,2026-06-18,Howard,Incident Closed - No further action,20723,2026-06-22
154,416036,['Odor'],2026-06-22,2026-06-17,Baltimore,Incident Closed - No further action,21222,2026-06-17
155,416031,"['Fugitive Dust/Particulate Matter', 'Fumes', 'Noise Complaint']",2026-06-15,2026-06-13,Garrett,Incident Closed - No further action,21531,2026-07-13
156,416030,"['Odor', 'Open Burning', 'Smoke']",2026-06-11,2026-06-11,Garrett,Incident Closed-Managed,21550,2026-06-18
157,416024,['Air'],2026-06-16,2026-06-16,Baltimore,Referred to Outside Agency,,
158,416023,['Air'],2026-06-15,2026-06-15,Harford,Incident Closed-No Violation Observed,,2026-06-17
159,416021,['Odor'],2026-06-16,2026-06-16,Baltimore City,Incident Closed-Managed,,2026-06-16
160,416020,['ARA AQCP non-regulated entity'],2026-06-15,2026-06-15,Baltimore City,Incident Closed - No further action,,2026-06-16
161,416017,['Fugitive Dust/Particulate Matter'],2026-06-15,2026-06-15,Baltimore City,Incident Closed-Managed,,2026-06-16
162,416016,['Odor'],2026-06-15,2026-06-15,Baltimore City,Incident Closed - No further action,,2026-06-16
163,416015,['Open Burning'],2026-06-15,2026-06-15,Carroll,Incident Closed-Managed,,2026-06-16
164,416011,['Odor'],2026-06-13,2026-06-13,Howard,Incident Closed - No further action,20723,2026-06-14
165,416011,['Odor'],2026-06-14,2026-06-13,Howard,Incident Closed - No further action,20723,2026-06-14
166,416011,['Odor'],2026-06-14,2026-06-13,Howard,Incident Closed - No further action,20723,2026-06-14
167,416004,['Air'],2026-06-13,2026-06-13,Anne Arundel,Incident Closed - No further action,21401,2026-06-15
168,416003,['Air'],2026-06-12,2026-06-12,Anne Arundel,Incident Closed-Managed,,2026-07-20
169,416000,['Odor'],2026-06-11,2026-06-11,Howard,Incident Closed - No further action,20723,2026-06-11
170,415984,['Air'],2026-06-10,2026-06-10,Charles,Incident Closed - No further action,20602,2026-08-13
171,415983,['Air'],2026-06-09,2026-06-09,Charles,Incident Closed - No further action,20602,2026-08-11
172,415982,['Air'],2026-06-09,2026-06-09,Frederick,Incident Closed-No Violation Observed,,2026-06-23
173,415981,['Air'],2026-06-09,2026-06-09,Frederick,Incident Closed - No further action,,2026-06-11
174,415975,['Other'],2026-06-08,2026-06-08,Allegany,Referred to Outside Agency,21502,
175,415974,"['Air', 'Asbestos Complaint', 'Fugitive Dust/Particulate Matter']",2026-06-08,2026-06-08,Montgomery,Incident Closed-Managed,20815,2026-08-20
177,415969,['Air'],2026-06-07,2026-06-07,Anne Arundel,Incident Closed - No further action,,2026-06-23
178,415968,['Air'],2026-06-07,2026-06-07,Charles,Incident Closed - No further action,,2026-06-23
179,415967,['Air'],2026-06-07,2026-06-07,Anne Arundel,Incident Closed - No further action,21037,2026-06-23
180,415966,['Air'],2026-06-05,2026-06-05,Charles,Incident Closed-No Violation Observed,20695,2026-06-16
181,415965,['Air'],2026-06-05,2026-06-05,Frederick,Incident Closed-No Violation Observed,21230,2026-06-10
182,415963,['Other'],2026-06-01,2026-06-01,Allegany,Incident Closed - No further action,21532,2026-06-08
183,415960,"['Air', 'Other']",2026-06-05,2026-06-05,Carroll,Incident Closed-Managed,,2026-06-05
184,415954,['Other'],2026-05-19,2026-05-19,Allegany,Referred to Outside Agency,21502,
185,415952,['ARA AQCP non-regulated entity'],2026-06-04,,Talbot,Incident Closed-No Violation Observed,21657,2026-06-03
186,415952,['ARA AQCP non-regulated entity'],2026-06-03,,Talbot,Incident Closed-No Violation Observed,21657,2026-06-03
187,415952,['ARA AQCP non-regulated entity'],2026-06-03,,Talbot,Incident Closed-No Violation Observed,21657,2026-06-03
188,415942,['ARA AQCP non-regulated entity'],2026-06-02,,Talbot,Incident Closed-No Violation Observed,21679,2026-06-03
189,415938,"['Agricultural', 'Odor']",2026-06-03,2026-06-03,Carroll,Referred to Outside Agency,21158,
190,415936,['ARA AQCP non-regulated entity'],2026-06-01,2026-06-01,Baltimore City,Incident Closed - No further action,,2026-06-03
191,415935,['Fugitive Dust/Particulate Matter'],2026-05-30,2026-05-30,Baltimore City,Incident Closed-Managed,,2026-06-03
192,415925,['Air'],2026-05-31,2026-05-31,Anne Arundel,Incident Closed-No Violation Observed,21060,2026-06-10
193,415924,['Air'],2026-05-26,2026-05-26,Frederick,Incident Closed - No further action,,2026-06-23
194,415922,"['Air', 'Asbestos Complaint', 'Hazardous Waste']",2026-05-28,2026-05-28,Montgomery,Referred to Outside Agency,20817,
195,415914,['Air'],2026-05-27,,Talbot,Incident Closed-Managed,21657,2026-05-28
196,415909,['Other'],2026-05-27,2026-05-27,Prince George's,Incident Closed-Managed,,2026-05-29
197,415896,['Fugitive Dust/Particulate Matter'],2026-05-18,2026-05-18,Baltimore City,Incident Closed-Managed,,2026-05-27
198,415895,['Odor'],2026-05-18,2026-05-18,Baltimore City,Incident Closed-Managed,,2026-05-27
199,415894,['Odor'],2026-05-11,2026-05-11,Baltimore City,Incident Closed-Managed,,2026-05-27
200,415889,['Air'],2026-05-26,2026-05-14,Baltimore,Incident Closed-No Violation Observed,,2026-05-26
201,405887,"['Air', 'Fugitive Dust/Particulate Matter']",2026-05-15,2026-05-15,Montgomery,Incident Closed-Managed,20877,2026-05-21
202,405885,['ARA AQCP non-regulated entity'],2026-05-18,,Worcester,Incident Closed-No Violation Observed,21613,2026-05-20
203,405884,['ARA AQCP non-regulated entity'],2026-05-21,,Worcester,Incident Closed-Managed,21843,2026-05-21
204,405883,['Air'],2026-05-21,2026-05-21,Frederick,Incident Closed - No further action,,2026-05-21
205,405867,"['Air', 'Odor']",2026-05-18,2026-05-13,Carroll,Referred to Outside Agency,21784,
206,405857,['Air'],2026-05-15,2026-05-15,Anne Arundel,Incident Closed - No further action,,2026-06-10
207,405855,"['Air', 'Open Burning']",2026-05-15,2026-05-14,Cecil,Referred to Outside Agency,21921,
208,405854,"['Air', 'Air Pollutant Release', 'Fumes']",2026-05-15,2026-03-03,Montgomery,Incident Closed-Managed,20850,2026-08-31
209,405852,['Open Burning'],2026-05-14,,Allegany,Under Investigation,21532,
210,405851,['Unknown Substance'],2026-05-13,2026-05-12,Allegany,Incident Closed - No further action,21502,2026-05-15
211,405849,['Other'],2026-05-13,2026-05-13,Howard,Incident Closed-Managed,,2026-05-15
212,405848,['Other'],2026-05-13,2026-05-13,Howard,Incident Closed-Managed,,2026-05-15
213,405847,['Other'],2026-05-12,2026-05-12,Prince George's,Incident Closed-Managed,,2026-05-15
214,405843,"['Air', 'Other']",2026-05-12,2026-05-11,Carroll,Incident Closed - No further action,,2026-05-18
215,405841,['ARA AQCP non-regulated entity'],2026-05-14,,Worcester,Incident Closed-No Violation Observed,,2026-05-14
216,405839,['ARA AQCP non-regulated entity'],2026-05-14,,Worcester,Incident Closed-No Violation Observed,21842,2026-05-12
217,405835,['Air'],2026-05-13,2026-05-13,Frederick,Incident Closed-Managed,21702,2026-06-03
218,405834,['Air'],2026-05-12,2026-05-12,Anne Arundel,Incident Closed-No Violation Observed,21113,2026-05-13
219,405830,['Other'],2026-05-11,2026-05-11,Prince George's,Incident Closed-Managed,,2026-05-12
220,405829,['Other'],2026-05-05,2026-05-05,Howard,Incident Closed-Managed,21044,2026-05-12
221,405828,['Other'],2026-05-08,2026-05-08,Prince George's,Incident Closed-Managed,,2026-05-12
222,405824,['Odor'],2026-05-08,2026-05-08,Baltimore City,Incident Closed - No further action,21224,2026-05-08
223,405819,"['Air', 'Fugitive Dust/Particulate Matter']",2026-05-05,2026-05-05,Cecil,Incident Closed-Managed,21921,2026-07-02
224,405804,"['Air', 'Odor']",2026-05-04,2026-05-04,Carroll,Referred to WMA,21102,
225,405803,"['Air', 'Fugitive Dust/Particulate Matter']",2026-05-05,2026-05-05,Montgomery,Referred to Outside Agency,20877,
226,405797,['ARA AQCP non-regulated entity'],2026-04-28,2026-04-28,Baltimore City,Incident Closed-Managed,,2026-05-06
227,405794,['Odor'],2026-04-28,2026-04-28,Baltimore City,Incident Closed-Managed,,2026-05-06
228,405790,['Fugitive Dust/Particulate Matter'],2026-04-27,2026-04-27,Baltimore City,Incident Closed-Managed,,2026-05-06
229,405789,['Odor'],2026-04-13,2026-04-13,Baltimore City,Incident Closed-Managed,,2026-05-06
230,405786,['Odor'],2026-04-29,2026-04-29,Dorchester,Incident Closed - No further action,21835,2026-04-29
231,405779,['Fugitive Dust/Particulate Matter'],2026-04-15,2026-04-15,Washington,Incident Closed-Managed,21740,2026-05-04
232,405778,['Odor'],2026-05-01,2026-05-01,Allegany,Referred to Outside Agency,21502,
233,405776,['Air'],2026-05-04,2026-05-01,Anne Arundel,Incident Closed - No further action,,2026-05-04
234,405775,['Air'],2026-05-01,2026-05-01,Anne Arundel,Incident Closed - No further action,,2026-05-04
235,405773,['ARA AQCP non-regulated entity'],2026-05-04,2026-05-04,Worcester,Incident Closed-Managed,21851,2026-05-04
236,405767,['Other'],2026-04-29,2026-04-29,Prince George's,Incident Closed-Managed,20785,2026-05-01
237,405766,['Other'],2026-04-27,2026-04-27,Prince George's,Incident Closed-Managed,20785,2026-05-01
238,405765,"['Agricultural', 'Air', 'Odor']",2026-04-22,2026-04-22,Carroll,Referred to Outside Agency,21784,
239,405764,"['Agricultural', 'Air', 'Odor']",2026-04-22,2026-04-22,Carroll,Referred to Outside Agency,21784,
240,405763,"['Agricultural', 'Air', 'Odor']",2026-04-22,2026-04-22,Carroll,Referred to Outside Agency,21784,
241,405762,"['Agricultural', 'Air', 'Odor']",2026-04-27,2026-04-24,Carroll,Referred to Outside Agency,21784,
242,405761,"['Agricultural', 'Air', 'Odor']",2026-04-24,2026-04-24,Carroll,Referred to Outside Agency,21784,
243,405760,"['Agricultural', 'Air', 'Odor']",2026-04-24,2026-04-24,Carroll,Referred to Outside Agency,21784,
244,405756,"['Agricultural', 'Air', 'Odor']",2026-04-30,2026-04-24,Carroll,Referred to Outside Agency,21784,
245,405755,"['Agricultural', 'Air', 'Odor']",2026-04-27,2026-04-24,Carroll,Referred to Outside Agency,21784,
246,405753,"['Agricultural', 'Air', 'Odor']",2026-04-27,2026-04-24,Carroll,Referred to Outside Agency,21784,
247,405752,"['Agricultural', 'Air', 'Odor']",2026-04-27,2026-04-24,Carroll,Referred to Outside Agency,21784,
248,405751,"['Agricultural', 'Air', 'Odor']",2026-04-28,2026-04-27,Carroll,Referred to Outside Agency,,
249,405750,"['Agricultural', 'Air', 'Odor']",2026-04-27,2026-04-24,Carroll,Referred to Outside Agency,21784,
250,405749,"['Agricultural', 'Air', 'Odor']",2026-04-27,2026-04-24,Carroll,Referred to Outside Agency,21784,
251,405748,"['Agricultural', 'Air', 'Odor']",2026-04-27,2026-04-24,Carroll,Referred to Outside Agency,21784,
252,405747,"['Agricultural', 'Air', 'Odor']",2026-04-27,2026-04-24,Carroll,Referred to Outside Agency,21784,
253,405746,"['Agricultural', 'Air', 'Odor']",2026-04-27,2026-04-25,Carroll,Referred to Outside Agency,21784,
254,405745,"['Agricultural', 'Air', 'Odor']",2026-04-23,2026-04-23,Carroll,Referred to Outside Agency,21784,
255,405744,['Air'],2026-04-22,2026-04-22,Cecil,Incident Closed-Managed,21921,2026-04-29
256,405742,"['Air', 'Fumes', 'Odor', 'Open Burning', 'Smoke']",2026-04-27,2026-04-24,Cecil,Referred to Outside Agency,21911,
257,405727,['Odor'],2026-04-22,2026-04-22,Baltimore City,Incident Closed - No further action,21224,2026-04-22
258,395710,['Other'],2026-04-18,2026-04-18,Prince George's,Incident Closed-Managed,,2026-04-20
259,395709,['Other'],2026-04-16,2026-04-16,Howard,Incident Closed-Managed,,2026-05-12
260,395708,['Other'],2026-04-15,2026-04-16,Howard,Incident Closed-Managed,,2026-05-12
261,395705,"['Air', 'Fumes', 'Odor', 'Other']",2026-04-17,2026-04-17,Montgomery,Referred to Outside Agency,20852,
262,395704,"['Air', 'Fumes', 'Odor', 'Other']",2026-04-16,2026-04-16,Cecil,Incident Closed-Managed,21903,2026-04-17
263,395687,['Air'],2026-04-14,2026-04-14,Frederick,Incident Closed-No Violation Observed,21710,2026-04-28
264,395686,['Air'],2026-04-11,2026-04-11,Anne Arundel,Incident Closed-Managed,21061,2026-04-22
265,395683,['Fugitive Dust/Particulate Matter'],2026-04-14,2026-04-14,Washington,Incident Closed - No further action,21742,2026-06-11
266,395682,"['Odor', 'Smoke']",2026-04-14,2026-04-10,Allegany,Incident Closed-No Violation Observed,21502,2026-06-08
267,395673,"['Air', 'Asbestos Complaint', 'Fugitive Dust/Particulate Matter', 'Other']",2026-04-10,2026-04-10,Montgomery,Referred to Outside Agency,,
268,395671,['Air'],2026-04-01,2026-04-01,Baltimore,Incident Closed-No Violation Observed,,2026-04-13
269,395669,['ARA AQCP non-regulated entity'],2026-04-09,2026-04-04,Caroline,Incident Closed-No Violation Observed,21632,2026-04-10
270,395666,"['Fugitive Dust/Particulate Matter', 'Suspected Operation without Permit']",2026-04-08,2026-04-08,Garrett,Incident Closed - No further action,,2026-06-04
271,395665,['ARA AQCP non-regulated entity'],2026-04-06,2026-04-05,Worcester,Incident Closed-Managed,21851,2026-04-06
272,395663,['Open Burning'],2026-03-31,2026-03-24,Washington,Referred to Outside Agency,21740,
273,395628,['Odor'],2026-04-04,2026-04-04,Howard,Incident Closed - No further action,20723,2026-04-04
274,395619,['Fugitive Dust/Particulate Matter'],2026-03-24,2026-03-24,Allegany,Incident Closed - No further action,21502,2026-04-03
275,395616,['Other'],2026-03-31,2026-03-31,Howard,Incident Closed-Managed,,2026-04-03
276,395615,['Other'],2026-04-01,2026-04-01,Prince George's,Incident Closed-Managed,,2026-04-03
277,395613,['Odor'],2026-04-01,2026-04-01,Howard,Incident Closed - No further action,20723,2026-04-01
278,395612,['Odor'],2026-03-25,2026-03-25,Howard,Incident Closed - No further action,20723,2026-03-29
279,395612,['Odor'],2026-03-25,2026-03-25,Howard,Incident Closed - No further action,20723,2026-03-29
280,395612,['Odor'],2026-03-27,2026-03-25,Howard,Incident Closed - No further action,20723,2026-03-29
281,395612,['Odor'],2026-03-25,2026-03-25,Howard,Incident Closed - No further action,20723,2026-03-29
282,395612,['Odor'],2026-03-26,2026-03-25,Howard,Incident Closed - No further action,20723,2026-03-29
283,395612,['Odor'],2026-03-25,2026-03-25,Howard,Incident Closed - No further action,20723,2026-03-29
284,395612,['Odor'],2026-03-25,2026-03-25,Howard,Incident Closed - No further action,20723,2026-03-29
285,395612,['Odor'],2026-03-25,2026-03-25,Howard,Incident Closed - No further action,20723,2026-03-29
286,395612,['Odor'],2026-03-27,2026-03-25,Howard,Incident Closed - No further action,20723,2026-03-29
287,395612,['Odor'],2026-03-26,2026-03-25,Howard,Incident Closed - No further action,20723,2026-03-29
288,395612,['Odor'],2026-03-26,2026-03-25,Howard,Incident Closed - No further action,20723,2026-03-29
289,395612,['Odor'],2026-03-25,2026-03-25,Howard,Incident Closed - No further action,20723,2026-03-29
290,395612,['Odor'],2026-03-29,2026-03-25,Howard,Incident Closed - No further action,20723,2026-03-29
291,395612,['Odor'],2026-03-25,2026-03-25,Howard,Incident Closed - No further action,20723,2026-03-29
292,395612,['Odor'],2026-03-29,2026-03-25,Howard,Incident Closed - No further action,20723,2026-03-29
293,395612,['Odor'],2026-03-25,2026-03-25,Howard,Incident Closed - No further action,20723,2026-03-29
294,395612,['Odor'],2026-03-29,2026-03-25,Howard,Incident Closed - No further action,20723,2026-03-29
295,395612,['Odor'],2026-03-26,2026-03-25,Howard,Incident Closed - No further action,20723,2026-03-29
296,395612,['Odor'],2026-03-29,2026-03-25,Howard,Incident Closed - No further action,20723,2026-03-29
297,395612,['Odor'],2026-03-26,2026-03-25,Howard,Incident Closed - No further action,20723,2026-03-29
298,395612,['Odor'],2026-03-26,2026-03-25,Howard,Incident Closed - No further action,20723,2026-03-29
299,395612,['Odor'],2026-03-26,2026-03-25,Howard,Incident Closed - No further action,20723,2026-03-29
300,395612,['Odor'],2026-03-26,2026-03-25,Howard,Incident Closed - No further action,20723,2026-03-29
301,395612,['Odor'],2026-03-29,2026-03-25,Howard,Incident Closed - No further action,20723,2026-03-29
302,395612,['Odor'],2026-03-26,2026-03-25,Howard,Incident Closed - No further action,20723,2026-03-29
303,395612,['Odor'],2026-03-26,2026-03-25,Howard,Incident Closed - No further action,20723,2026-03-29
304,395612,['Odor'],2026-03-26,2026-03-25,Howard,Incident Closed - No further action,20723,2026-03-29
305,395612,['Odor'],2026-03-26,2026-03-25,Howard,Incident Closed - No further action,20723,2026-03-29
306,395612,['Odor'],2026-03-27,2026-03-25,Howard,Incident Closed - No further action,20723,2026-03-29
307,395612,['Odor'],2026-03-26,2026-03-25,Howard,Incident Closed - No further action,20723,2026-03-29
308,395612,['Odor'],2026-03-29,2026-03-25,Howard,Incident Closed - No further action,20723,2026-03-29
309,395612,['Odor'],2026-03-26,2026-03-25,Howard,Incident Closed - No further action,20723,2026-03-29
310,395612,['Odor'],2026-03-29,2026-03-25,Howard,Incident Closed - No further action,20723,2026-03-29
311,395612,['Odor'],2026-04-02,2026-03-25,Howard,Incident Closed - No further action,20723,2026-03-29
312,395612,['Odor'],2026-04-02,2026-03-25,Howard,Incident Closed - No further action,20723,2026-03-29
313,395599,['Other'],2026-03-29,2026-03-29,Prince George's,Incident Closed-Managed,,2026-03-31
314,395594,['Air'],2026-03-26,2026-03-26,Baltimore,Referred to LMA,,
315,395593,"['Air', 'Odor', 'Open Burning']",2026-03-25,2026-03-24,Cecil,Referred to Outside Agency,21901,
316,395591,['Other'],2026-03-23,2026-03-23,Carroll,Referred to Outside Agency,21102,
317,395589,['Fugitive Dust/Particulate Matter'],2026-03-25,2026-03-25,St. Mary's,Incident Closed-Managed,,2026-03-26
318,395582,['Odor'],2026-03-23,2026-03-23,Baltimore City,Incident Closed-Managed,,2026-03-25
319,395580,['Odor'],2026-03-24,2026-03-24,Howard,Incident Closed - No further action,20723,2026-03-24
320,395579,['Odor'],2026-03-23,2026-03-23,Howard,Incident Closed - No further action,20723,2026-03-23
321,395578,['Odor'],2026-03-22,2026-03-22,Howard,Incident Closed - No further action,20723,2026-03-22
322,395577,['Odor'],2026-03-23,2026-03-23,Howard,Incident Closed - No further action,20723,2026-03-23
323,395576,['Odor'],2026-03-22,2026-03-22,Howard,Incident Closed - No further action,20723,2026-03-22
324,395575,['Odor'],2026-03-22,2026-03-22,Howard,Incident Closed - No further action,20723,2026-03-22
325,395574,['Air'],2026-03-23,2026-03-23,Frederick,Incident Closed-Managed,21702,2026-05-07
326,395562,"['Odor', 'Smoke']",2026-03-19,2026-03-19,Allegany,Incident Closed-Managed,21555,2026-04-21
327,395557,['Other'],2026-03-20,2026-03-18,Prince George's,Incident Closed-Managed,,2026-03-20
328,395555,['Air'],2026-03-19,2026-03-19,Harford,Incident Closed-No Violation Observed,,2026-03-25
329,395550,['ARA AQCP non-regulated entity'],2026-03-11,2026-03-11,Wicomico,Incident Closed - No further action,,2026-03-13
330,395549,['Open Burning'],2026-03-17,2026-03-17,Washington,Referred to Outside Agency,21740,
331,395548,['ARA AQCP non-regulated entity'],2026-03-19,2026-03-17,Worcester,Referred to Outside Agency,,
332,395545,['Odor'],2026-03-16,2026-03-16,Baltimore City,Incident Closed-Managed,,2026-03-18
333,395544,['Air'],2026-03-12,2026-03-12,Baltimore City,Incident Closed - No further action,,2026-03-18
334,395543,['Odor'],2026-03-11,2026-03-11,Baltimore City,Incident Closed-Managed,,2026-03-18
335,395542,['Odor'],2026-03-10,2026-03-10,Baltimore City,Incident Closed-Managed,,2026-03-18
336,395540,['Air'],2026-03-17,2026-03-17,Charles,Incident Closed - No further action,20658,2026-03-23
337,395539,['Odor'],2026-03-09,2026-03-09,Baltimore City,Incident Closed-Managed,,2026-03-18
338,395538,['ARA AQCP non-regulated entity'],2026-03-08,2026-03-08,Baltimore City,Incident Closed-Managed,,2026-03-18
339,395537,['Air'],2026-03-17,2026-03-17,Frederick,Incident Closed-No Violation Observed,21702,2026-03-17
340,395536,"['Fumes', 'Odor']",2026-03-17,2026-03-17,Washington,Incident Closed - No further action,21740,2026-03-17
341,395535,"['Odor', 'Smoke']",2026-03-09,2026-03-09,Allegany,Incident Closed-Managed,21555,2026-04-21
342,395534,"['Odor', 'Smoke']",2026-03-09,2026-03-09,Allegany,Incident Closed-Managed,21555,2026-04-21
343,395533,['Chemical Release/Spill'],2026-03-06,2026-03-06,Washington,Incident Closed - No further action,,2026-03-17
344,395528,['Air'],2026-03-14,2026-03-14,Baltimore,Incident Closed-No Violation Observed,,2026-03-20
345,395516,['Other'],2026-03-11,2026-03-10,Prince George's,Incident Closed-Managed,,2026-03-19
346,395515,['Other'],2026-03-10,2026-03-10,Prince George's,Incident Closed-Managed,20785,2026-03-13
347,395514,['Other'],2026-03-09,2026-03-09,Prince George's,Incident Closed-Managed,,2026-03-19
348,395509,"['Air', 'Fugitive Dust/Particulate Matter']",2026-03-09,2026-03-06,Cecil,Incident Closed-Managed,21920,2026-03-12
349,395508,['Air'],2026-03-12,2026-03-12,Baltimore City,Incident Closed-No Violation Observed,,2026-03-17
350,395507,['Air'],2026-03-11,2026-03-11,Anne Arundel,Incident Closed - No further action,21146,2026-03-23
351,395506,['Air'],2026-03-11,2026-03-11,Anne Arundel,Incident Closed-Managed,21090,2026-03-24
352,395505,['Air'],2026-03-10,2026-03-10,Frederick,Incident Closed-Managed,21757,2026-03-18
353,395504,['Air'],2026-03-11,2026-03-11,Anne Arundel,Incident Closed-No Violation Observed,21226,2026-03-24
354,395503,['Air'],2026-03-10,2026-03-10,Anne Arundel,Incident Closed-Managed,21090,2026-03-24
355,395502,['Air'],2026-03-10,2026-03-10,Anne Arundel,Incident Closed-Managed,20190,2026-03-24
356,395501,['Air'],2026-03-10,2026-03-10,Anne Arundel,Incident Closed-Managed,21090,2026-03-24
357,395500,['Air'],2026-03-10,2026-03-10,Anne Arundel,Incident Closed-No Violation Observed,21060,2026-03-24
358,395499,['Air'],2026-03-12,2026-03-10,Anne Arundel,Incident Closed-No Violation Observed,21060,2026-03-24
359,395496,"['Air', 'Other']",2026-03-10,2026-03-10,Cecil,Incident Closed - No further action,21919,2026-03-12
360,395490,['ARA AQCP non-regulated entity'],2026-03-11,2026-03-05,Caroline,Incident Closed - No further action,21632,2026-03-06
361,395489,['Air'],2026-03-10,2026-03-10,Anne Arundel,Incident Closed-No Violation Observed,,2026-03-11
362,395487,['Air'],2026-03-10,2026-03-10,Baltimore,Under Investigation,,
363,395486,['Odor'],2026-03-10,2026-03-10,Anne Arundel,Incident Closed - No further action,21226,2026-03-10
364,395482,"['Air', 'Open Burning']",2026-03-09,2026-03-07,Cecil,Referred to Outside Agency,21904,
365,395477,['Air'],2026-03-09,2026-03-09,Anne Arundel,Incident Closed-No Violation Observed,20711,2026-03-09
366,395476,['Air'],2026-03-09,2026-03-09,Frederick,Under Investigation,21703,
367,395470,"['Air', 'Fumes', 'Odor']",2026-03-04,2026-03-03,Montgomery,Incident Closed-Managed,20850,2026-08-31
368,395467,['Air'],2026-02-25,2026-02-25,Baltimore,Incident Closed-No Violation Observed,,2026-03-10
369,395464,"['Air', 'Asbestos Complaint', 'Other']",2026-03-04,2026-03-03,Montgomery,Incident Closed-Managed,20903,2026-03-05
370,395463,['Air'],2026-03-05,2026-03-05,Baltimore,Incident Closed - No further action,,2026-03-05
371,395462,['Air'],2026-03-05,2026-03-05,Anne Arundel,Incident Closed-Managed,20794,2026-03-18
372,395453,['ARA AQCP non-regulated entity'],2026-03-01,2026-03-01,Baltimore City,Incident Closed-Managed,,2026-03-04
373,395451,['Odor'],2026-02-28,2026-02-28,Baltimore City,Incident Closed-Managed,,2026-03-04
374,395450,['ARA AQCP non-regulated entity'],2026-02-27,2026-02-27,Baltimore City,Incident Closed-Managed,,2026-03-04
375,395449,['Odor'],2026-02-19,2026-02-19,Baltimore City,Incident Closed-Managed,,2026-03-04
376,395448,['Odor'],2026-02-22,2026-02-22,Baltimore City,Incident Closed-Managed,,2026-03-04
377,395447,['Odor'],2026-02-18,2026-02-18,Baltimore City,Incident Closed-Managed,,2026-03-04
378,395446,['Odor'],2026-02-17,2026-02-17,Baltimore City,Incident Closed-Managed,,2026-03-04
379,395444,['Odor'],2026-02-11,2026-02-11,Baltimore City,Incident Closed-Managed,,2026-03-04
380,395441,['ARA AQCP non-regulated entity'],2026-02-24,2026-02-24,Somerset,Incident Closed-Managed,21822,2026-03-04
381,395437,['Air'],2026-01-08,2026-01-08,Baltimore,Incident Closed-No Violation Observed,,2026-03-03
382,395434,['Air'],2026-03-02,2026-03-02,Charles,Incident Closed-Managed,20601,2026-03-10
383,395430,['Odor'],2026-03-02,2026-02-20,Worcester,Incident Closed-Managed,21811,2026-02-24
384,395424,['Air'],2026-02-27,2026-02-27,Baltimore,Referred to Outside Agency,,
385,395421,['Air'],2026-02-23,2026-02-23,Baltimore,Incident Closed-Managed,,2026-02-27
386,395416,"['Air', 'Odor', 'Open Burning']",2026-02-25,2026-02-24,Cecil,Incident Closed-Managed,21921,2026-02-26
387,395406,['Air'],2026-02-24,2026-02-24,Charles,Incident Closed - No further action,20640,2026-03-18
388,395401,['Air'],2026-02-23,2026-02-23,Frederick,Incident Closed-Managed,20794,2026-03-18
389,395400,['Air'],2026-02-22,2026-02-22,Frederick,Incident Closed-Managed,20794,2026-03-18
390,395396,['ARA AQCP non-regulated entity'],2026-02-20,2026-02-18,Talbot,Incident Closed-Managed,,2026-02-19
391,395394,['ARA AQCP non-regulated entity'],2026-02-20,2026-02-19,,Incident Closed-No Violation Observed,,2026-02-20
392,395393,['Air'],2026-02-20,2026-02-20,Anne Arundel,Incident Closed-No Violation Observed,21060,2026-03-05
393,395392,['Air'],2026-02-19,2026-02-19,Anne Arundel,Incident Closed-No Violation Observed,21144,2026-03-03
395,395390,['Air'],2026-02-19,2026-02-19,Anne Arundel,Incident Closed-Managed,21054,2026-03-11
396,395389,['Other'],2026-02-18,2026-02-12,Prince George's,Incident Closed-Managed,,2026-03-19
397,385384,['Smoke'],2026-02-10,2026-02-10,Calvert,Incident Closed-Managed,,2026-02-18
398,385383,['Fugitive Dust/Particulate Matter'],2026-02-11,2026-02-11,St. Mary's,Incident Closed-Managed,,2026-02-18
399,385376,['Air'],2026-02-15,2026-02-15,Anne Arundel,Incident Closed-No Violation Observed,21090,2026-03-03
400,385375,['Air'],2026-02-15,2026-02-15,Frederick,Incident Closed-Managed,21788,2026-02-25
401,385372,['ARA AQCP non-regulated entity'],2026-02-13,2026-02-13,Talbot,Under Investigation,21601,
402,385370,['Other'],2026-02-09,2026-02-09,Prince George's,Incident Closed-Managed,,2026-02-13
403,385369,['Air'],2026-02-13,2026-02-13,Baltimore,Incident Closed-Managed,,2026-02-27
404,385368,['Smoke'],2026-02-11,2026-02-11,Allegany,Referred to Outside Agency,26753,
405,385367,['ARA AQCP non-regulated entity'],2026-02-12,2026-02-10,Dorchester,Incident Closed-No Violation Observed,21613,2026-02-11
406,385363,['Air'],2026-02-06,2026-02-06,Baltimore,Incident Closed-No Violation Observed,,2026-02-11
407,385349,['Other'],2026-02-03,2026-02-03,Prince George's,Incident Closed-Managed,,2026-02-09
408,385344,['Air'],2026-02-06,2026-02-06,Charles,Incident Closed-Managed,20601,2026-02-09
409,385343,['Air'],2026-02-06,2026-02-06,Charles,Referred to Outside Agency,20601,
410,385336,"['Air', 'Other']",2026-02-05,2026-02-05,Montgomery,Incident Closed - No further action,20902,2026-02-06
411,385331,['Air'],2026-02-02,2026-02-02,,Incident Closed-No Violation Observed,21811,2026-02-03
412,385329,['Air'],2026-01-30,2026-01-30,Carroll,Referred to LMA,,
413,385328,['Other'],2026-02-02,2026-01-30,Howard,Incident Closed-Managed,,2026-02-03
414,385327,['Air'],2026-02-03,2026-02-03,Charles,Referred to Outside Agency,20601,
415,385326,['Air'],2026-02-02,2026-02-02,Anne Arundel,Incident Closed-Managed,,2026-02-03
416,385324,['Air'],2026-01-30,2026-01-30,Harford,Incident Closed-Managed,,2026-02-03
417,385323,['Air'],2025-12-18,2025-12-18,Harford,Referred to LMA,,
418,385318,['Air'],2026-01-28,2026-01-28,Montgomery,Incident Closed-No Violation Observed,,2026-01-29
419,385316,['Fugitive Dust/Particulate Matter'],2026-01-22,2026-01-22,Baltimore City,Incident Closed-Managed,,2026-01-28
420,385315,['Odor'],2026-01-21,2026-01-21,Baltimore City,Incident Closed-Managed,,2026-01-28
421,385314,['Odor'],2026-01-19,2026-01-19,Baltimore City,Incident Closed-Managed,,2026-01-28
422,385312,['Open Burning'],2026-01-26,2026-01-26,Washington,Incident Closed - No further action,21740,2026-01-27
423,385311,['Other'],2026-01-21,2026-01-21,Howard,Incident Closed-Managed,,2026-01-27
424,385310,['Suspected Operation without Permit'],2026-01-12,2026-01-02,Garrett,Incident Closed-Managed,21550,2026-06-04
425,385309,['Other'],2026-01-21,2026-01-22,Howard,Incident Closed-Managed,,2026-01-27
426,385306,['Air'],2026-01-26,2026-01-26,Frederick,Incident Closed - No further action,21702,2026-01-26
427,385305,['Air'],2026-01-23,2026-01-23,Anne Arundel,Incident Closed-No Violation Observed,21226,2026-02-10
428,385304,['Air'],2026-01-23,2026-01-23,Frederick,Incident Closed-Managed,,2026-02-18
429,385303,['Air'],2026-01-16,2026-01-16,Baltimore,Incident Closed-No Violation Observed,,2026-02-11
430,385302,['Air'],2026-01-22,2026-01-22,Baltimore,Incident Closed-Managed,,2026-01-26
431,385301,['Odor'],2026-01-21,2026-01-21,Dorchester,Incident Closed - No further action,21835,2026-01-21
432,385299,['Air'],2026-01-23,2026-01-22,Anne Arundel,Incident Closed-Managed,,2026-01-23
433,375297,"['Air', 'Asbestos Complaint', 'Other']",2026-01-13,2026-01-13,Montgomery,Referred to LMA,,
434,375293,['Air'],2026-01-20,2026-01-20,Frederick,Incident Closed-No Violation Observed,21702,2026-02-18
435,375287,['Air'],2026-01-15,2026-01-15,Anne Arundel,Incident Closed-No Violation Observed,,2026-01-15
436,375286,['Air'],2026-01-15,2026-01-15,Charles,Incident Closed-No Violation Observed,20601,2026-03-10
437,375285,['Air'],2026-01-14,2026-01-14,Anne Arundel,Incident Closed-No Violation Observed,21226,2026-03-03
438,375280,['ARA AQCP non-regulated entity'],2026-01-07,2026-01-07,Baltimore City,Incident Closed - No further action,,2026-01-14
439,375279,['Open Burning'],2026-01-07,2026-01-07,Calvert,Incident Closed-Managed,,2026-01-14
440,375278,['Odor'],2026-01-06,2026-01-06,Baltimore City,Incident Closed-Managed,,2026-01-14
441,375277,['Odor'],2026-01-05,2026-01-05,Baltimore City,Incident Closed-Managed,,2026-01-14
442,375274,"['Air', 'Odor', 'Open Burning', 'Smoke']",2026-01-08,2026-01-07,Cecil,Incident Closed-Managed,21904,2026-01-13
443,375269,['Air'],2026-01-12,2026-01-12,Baltimore,Incident Closed-Managed,,2026-01-12
444,375267,['Odor'],2026-01-09,2026-01-09,Dorchester,Incident Closed - No further action,21835,2026-01-09
445,375265,['ARA AQCP non-regulated entity'],2026-01-12,2026-01-08,Wicomico,Incident Closed-Managed,,2026-01-09
446,375258,['Air'],2026-01-09,2026-01-09,Anne Arundel,Incident Closed - No further action,21122,2026-01-13
447,375256,['ARA AQCP non-regulated entity'],2026-01-12,2026-01-02,Caroline,Incident Closed - No further action,,2026-01-08
448,375250,['Air'],2026-01-08,2026-01-08,Charles,Incident Closed - No further action,20601,2026-03-10
449,375246,['Air'],2025-12-22,2025-12-22,Harford,Incident Closed-No Violation Observed,,2026-01-08
450,375239,['Air'],2026-01-07,2026-01-07,Anne Arundel,Incident Closed-No Violation Observed,20794,2026-02-10
451,375236,['Other'],2026-01-07,2026-01-07,Prince George's,Incident Closed-Managed,,2026-01-08
452,375229,['Other'],2026-01-02,2026-01-02,Prince George's,Incident Closed-Managed,,2026-01-07
453,375228,['Odor'],2025-12-26,2025-12-26,Dorchester,Incident Closed - No further action,21835,2025-12-26
454,375225,['Air'],2026-01-06,2026-01-06,Anne Arundel,Incident Closed-No Violation Observed,21144,2026-01-08
455,375219,['Air'],2026-01-04,2026-01-04,Baltimore,Incident Closed-Managed,,2026-01-08
456,375214,['Air'],2026-01-05,2026-01-05,Charles,Incident Closed-Managed,20640,2026-01-15
457,375212,['Air'],2026-01-02,2026-01-02,Frederick,Incident Closed-Managed,21788,2026-01-05
458,375205,['ARA AQCP non-regulated entity'],2026-01-05,2025-12-18,Dorchester,Incident Closed-Managed,21631,2025-12-18
459,375204,['Air'],2026-01-02,2025-12-31,Baltimore,Incident Closed-No Violation Observed,,2026-01-08
460,375188,['Other'],2025-12-22,2025-12-22,Prince George's,Incident Closed-Managed,,2025-12-22
461,375187,['Air'],2025-12-19,2025-12-19,Anne Arundel,Incident Closed-No Violation Observed,20724,2025-12-22
462,375181,['Air'],2025-12-17,2025-12-17,Baltimore,Incident Closed-No Violation Observed,,2025-12-19
463,375179,"['Air', 'Asbestos Complaint', 'Other']",2025-12-19,2025-12-19,Montgomery,Incident Closed-Managed,20860,2025-12-19
464,375178,['Other'],2025-12-18,2025-12-18,Prince George's,Incident Closed-Managed,,2025-12-19
465,375173,['Smoke'],2025-12-13,2025-12-13,Kent,Incident Closed - No further action,21620,2025-12-13
466,375171,['Air'],2025-12-16,2025-12-16,Baltimore,Under Investigation,,
467,375168,['Air'],2025-12-15,2025-12-15,Charles,Incident Closed-No Violation Observed,20601,2025-12-30
468,375164,['Other'],2025-12-15,2025-12-15,Prince George's,Incident Closed-Managed,,2025-12-16
469,375163,['Other'],2025-12-11,2025-12-16,Prince George's,Incident Closed-Managed,,2025-12-16
470,375155,['Air'],2025-12-12,2025-12-12,Anne Arundel,Incident Closed - No further action,20724,2025-12-15
471,375153,['ARA AQCP non-regulated entity'],2025-12-15,2025-12-11,Wicomico,Incident Closed-Managed,,2025-12-12
472,375153,['ARA AQCP non-regulated entity'],2025-12-15,2025-12-11,Wicomico,Incident Closed-Managed,34106,2025-12-12
473,375152,['ARA AQCP non-regulated entity'],2025-12-09,,Caroline,Incident Closed - No further action,,2025-12-09
474,375150,['ARA AQCP non-regulated entity'],2025-12-12,,Somerset,Incident Closed-No Violation Observed,21838,2025-12-11
475,375144,"['Air', 'Fugitive Dust/Particulate Matter', 'Other']",2025-12-05,2025-12-05,Cecil,Incident Closed - No further action,21919,2025-12-11
476,375141,['Air'],2025-10-17,2025-10-17,Anne Arundel,Incident Closed-Managed,,2025-12-11
477,375140,['Air'],2025-10-17,2025-10-17,Anne Arundel,Incident Closed-Managed,,2025-12-11
478,375139,['Air Pollutant Release'],2025-10-17,2025-10-17,Anne Arundel,Incident Closed-Managed,,2025-12-11
479,375137,['Air Pollutant Release'],2025-10-17,2025-10-15,Anne Arundel,Incident Closed-Managed,,2025-12-11
480,375136,['Air'],2025-12-09,2025-12-08,Harford,Incident Closed-Managed,,2025-12-11
481,375135,['Air'],2025-12-10,2025-12-10,Baltimore,Incident Closed-Managed,,2025-12-11
482,375134,['Odor'],2025-11-25,2025-11-25,Baltimore City,Incident Closed-Managed,,2025-12-11
483,375129,['Air'],2025-12-05,2025-12-05,Frederick,Incident Closed - No further action,21703,2025-12-09
484,375124,['Air'],2025-12-08,2025-12-08,Frederick,Incident Closed-Managed,21788,2026-01-05
485,375120,['Air'],2025-12-04,2025-12-04,Frederick,Incident Closed-Managed,21788,2025-12-08
486,375116,['Suspected Operation without Permit'],2025-12-05,2025-12-05,Washington,Under Investigation,21742,
487,375115,['Other'],2025-12-04,2025-12-04,Prince George's,Incident Closed-Managed,,2025-12-05
488,375113,['Air'],2025-12-05,2025-11-21,Wicomico,Incident Closed-Managed,,2025-12-01
489,375111,['Suspected Operation without Permit'],2025-12-04,2025-12-04,Washington,Under Investigation,21742,
490,375108,['Other'],2025-12-01,2025-12-01,Prince George's,Incident Closed-Managed,20737,2025-12-04
491,375104,['Air'],2025-12-03,2025-12-03,Anne Arundel,Incident Closed-Managed,,2026-01-06
492,375103,['Air Pollutant Release'],2025-10-17,2025-10-17,Anne Arundel,Incident Closed-Managed,,2025-12-03
493,375102,['Air Pollutant Release'],2025-10-17,2025-10-17,Anne Arundel,,,
494,375101,['Air Pollutant Release'],2025-10-17,2025-10-17,Anne Arundel,Incident Closed-Managed,,2025-12-03
495,375100,['Air Pollutant Release'],2025-10-17,2025-10-17,Anne Arundel,Incident Closed-Managed,,2025-12-03
496,375099,['Air Pollutant Release'],2025-10-17,2025-10-17,Anne Arundel,Incident Closed-Managed,,2025-12-03
497,375098,['Air Pollutant Release'],2025-10-17,2025-10-17,Anne Arundel,Incident Closed-Managed,,2025-12-03
498,375097,['Air Pollutant Release'],2025-10-17,2025-10-15,Anne Arundel,Incident Closed-Managed,,2025-12-03
499,375096,['Air Pollutant Release'],2025-10-18,2025-10-18,Anne Arundel,Incident Closed-Managed,,2025-12-03
500,375093,['Air Pollutant Release'],2025-10-18,2025-10-18,Anne Arundel,Incident Closed-Managed,,2025-12-03
501,375092,['Air Pollutant Release'],2025-10-18,2025-10-18,Anne Arundel,Incident Closed-Managed,,2025-12-03
502,375091,['Air Pollutant Release'],2025-10-18,2025-10-18,Anne Arundel,Incident Closed-Managed,,2025-12-03
503,375090,['Air Pollutant Release'],2025-10-17,2025-10-18,Anne Arundel,Incident Closed-Managed,,2025-12-03
504,375089,['Air Pollutant Release'],2025-10-18,2025-10-18,Anne Arundel,Incident Closed-Managed,,2025-12-03
505,375088,['Air Pollutant Release'],2025-10-18,2025-10-17,Anne Arundel,Incident Closed-Managed,,2025-12-03
506,375087,['Air Pollutant Release'],2025-10-17,2025-10-17,Anne Arundel,Incident Closed-Managed,,2025-12-03
507,375086,['Air Pollutant Release'],2025-10-17,2025-10-17,Anne Arundel,Incident Closed-Managed,,2025-12-02
508,375085,['Air Pollutant Release'],2025-12-02,2025-10-17,Anne Arundel,Incident Closed-Managed,,2025-12-02
509,375084,['Air Pollutant Release'],2025-10-17,2025-10-17,Anne Arundel,Incident Closed-Managed,,2025-12-02
510,375083,['Air Pollutant Release'],2025-10-17,2025-10-17,Anne Arundel,Incident Closed-Managed,,2025-12-02
511,375082,['Air Pollutant Release'],2025-10-17,2025-10-17,Baltimore,Incident Closed-Managed,,2025-12-02
512,375080,['Air Pollutant Release'],2025-10-17,2025-10-17,Anne Arundel,Incident Closed-Managed,,2025-12-02
513,375079,"['Air', 'Air Pollutant Release']",2025-12-02,2025-10-17,Baltimore,,,
514,375077,['Air'],2025-10-17,2025-10-17,Anne Arundel,Incident Closed-Managed,,2025-12-02
515,375076,['Air Pollutant Release'],2025-10-17,2025-10-17,Anne Arundel,Incident Closed-Managed,,2025-12-02
516,375075,['Air Pollutant Release'],2025-10-17,2025-10-17,Anne Arundel,Incident Closed-Managed,,2025-12-02
517,375074,['Air Pollutant Release'],2025-10-17,2025-10-17,Anne Arundel,Incident Closed-Managed,,2025-12-02
518,375069,['Air'],2025-11-25,2025-11-24,Frederick,Incident Closed-No Violation Observed,,2025-12-08
519,375068,['Air'],2025-11-24,2025-12-01,Dorchester,Incident Closed-No Violation Observed,21631,2025-12-02
520,375067,['Air'],2025-11-25,2025-11-25,Frederick,Incident Closed-Restored,21701,2025-12-04
521,375066,"['Air', 'Fumes', 'Odor']",2025-11-19,2025-11-18,Carroll,Incident Closed-Managed,21784,2025-12-01
522,375063,['Air'],2025-11-21,2025-11-21,Anne Arundel,Incident Closed-Managed,,2025-11-26
523,375062,"['Fumes', 'Odor']",2025-11-21,2025-11-21,Washington,Under Investigation,21742,
524,375061,"['Air', 'Other']",2025-11-25,2025-11-24,Montgomery,Referred to Outside Agency,,
525,375056,"['Odor', 'Smoke']",2025-11-19,2025-11-18,Washington,Referred to Outside Agency,,
526,375055,['Odor'],2025-11-14,2025-11-14,Outside of Maryland,Incident Closed - No further action,21502,2026-02-04
527,375054,['Other'],2025-11-13,2025-11-13,Allegany,Incident Closed - No further action,,2025-11-25
528,375053,['Air Pollutant Release'],2025-10-17,2025-10-17,Anne Arundel,Incident Closed-Managed,,2025-11-25
529,375051,['Air Pollutant Release'],2025-10-17,2025-10-17,Anne Arundel,Incident Closed-Managed,,2025-11-25
530,375050,['Air Pollutant Release'],2025-10-17,2025-10-17,Anne Arundel,Incident Closed-Managed,,2025-11-25
531,375049,['Air Pollutant Release'],2025-10-17,2025-10-17,Anne Arundel,Incident Closed-Managed,,2025-11-25
532,375041,['Air'],2025-11-21,2025-11-21,Harford,Referred to Outside Agency,,
533,375037,['ARA AQCP non-regulated entity'],2025-11-21,2025-11-18,Dorchester,Incident Closed - No further action,,2025-11-19
534,375029,['Air'],2025-11-03,2025-11-03,Baltimore,Incident Closed-No Violation Observed,,2026-04-28
535,375028,['Air'],2025-11-19,2025-11-19,Frederick,Incident Closed-No Violation Observed,21701,2025-11-20
536,375027,['Air'],2025-11-18,2025-11-18,Anne Arundel,Incident Closed-No Violation Observed,21122,2025-12-31
537,375020,['Air Pollutant Release'],2025-11-18,2025-10-17,Anne Arundel,Incident Closed-Managed,,2025-11-18
538,375019,['Air'],2025-10-17,2025-10-17,Anne Arundel,Incident Closed-Managed,,2025-11-18
539,375018,['Air'],2025-10-17,2025-10-17,Anne Arundel,Incident Closed-Managed,,2025-11-18
540,375017,['Other'],2025-11-17,2025-11-17,Prince George's,Incident Closed-Managed,,2025-11-18
541,375016,['Other'],2025-11-17,2025-11-17,Prince George's,Incident Closed-Managed,,2025-11-18
542,375015,['Other'],2025-11-17,2025-11-17,Prince George's,Incident Closed-Managed,,2025-11-18
543,375014,['Air Pollutant Release'],2025-10-17,2025-10-17,Anne Arundel,Incident Closed-Managed,,2025-11-18
544,375013,['Air Pollutant Release'],2025-10-17,2025-10-17,Anne Arundel,Incident Closed-Managed,,2025-11-18
545,375009,['Air Pollutant Release'],2025-11-18,2025-10-17,Anne Arundel,Incident Closed-Managed,,2025-11-18
546,375008,"['Air', 'Air Pollutant Release']",2025-11-17,2025-10-17,Anne Arundel,Incident Closed-Managed,,2025-11-17
547,375007,"['Air', 'Air Pollutant Release']",2025-11-17,2025-10-17,Anne Arundel,Incident Closed-Managed,,2025-11-17
548,375006,"['Air', 'Air Pollutant Release']",2025-11-17,2025-10-17,Anne Arundel,Incident Closed-Managed,,2025-11-17
549,375003,['Air Pollutant Release'],2025-11-17,2025-10-17,Anne Arundel,Incident Closed-Managed,,2025-11-17
550,375001,['Air Pollutant Release'],2025-11-17,2025-10-17,Anne Arundel,,,
551,374999,['Air Pollutant Release'],2025-11-17,2025-10-10,Anne Arundel,Incident Closed-Managed,,2025-11-17
552,374998,['Air Pollutant Release'],2025-11-17,2025-10-17,Anne Arundel,Incident Closed-Managed,,2025-11-17
553,374997,['Air'],2025-11-17,2025-10-17,Anne Arundel,Incident Closed-Managed,,2025-11-17
554,374996,['Air Pollutant Release'],2025-11-17,2025-10-17,Anne Arundel,Incident Closed-Managed,,2025-11-17
555,374995,['Air Pollutant Release'],2025-11-17,2025-10-17,Anne Arundel,Incident Closed-Managed,,2025-11-17
556,374988,['Other'],2025-11-13,2025-11-13,Prince George's,Incident Closed-Clean-up Completed,20705,2025-11-14
557,374986,['Open Burning'],2025-11-08,2025-11-08,Calvert,Incident Closed-Managed,,2025-11-13
558,374982,['Smoke'],2025-11-07,2025-11-07,Cecil,Incident Closed-Managed,21921,2025-11-12
559,374981,['Air'],2025-11-10,2025-11-10,Anne Arundel,Incident Closed-Clean-up Completed,21077,2026-01-27
560,374976,['Air'],2025-11-06,2025-11-06,Harford,Incident Closed-Managed,,2025-11-07
561,374975,['ARA AQCP non-regulated entity'],2025-11-07,2025-11-06,Somerset,Incident Closed-Managed,21853,2025-11-06
562,374974,['Odor'],2025-11-07,2025-11-07,Baltimore City,Incident Closed-Managed,,2025-11-07
563,374973,['ARA AQCP non-regulated entity'],2025-11-07,2025-11-03,Somerset,Incident Closed-Managed,21853,2025-11-03
564,374970,['ARA AQCP non-regulated entity'],2025-10-28,2025-10-28,Baltimore City,Incident Closed - No further action,,2025-11-06
565,374969,['Odor'],2025-10-27,2025-10-27,Baltimore City,Incident Closed-Managed,,2025-11-06
566,374968,['Odor'],2025-10-09,2025-10-09,Baltimore City,Incident Closed-Managed,,2025-11-06
567,374967,['Odor'],2025-10-03,2025-10-03,Baltimore City,Incident Closed - No further action,,2025-11-06
568,374964,"['Air', 'Other']",2025-11-05,2025-11-05,Montgomery,Incident Closed - No further action,,2025-11-05
569,374963,['Air'],2025-11-05,2025-11-05,Anne Arundel,Incident Closed - No further action,21403,2025-11-06
570,374962,['Air'],2025-11-05,2025-10-17,Anne Arundel,Incident Closed-Managed,,2025-11-05
571,374959,['Air'],2025-11-04,2025-10-17,Anne Arundel,Incident Closed-Managed,,2025-11-05
572,374956,['Air'],2025-11-04,2025-10-18,Anne Arundel,Incident Closed-Managed,,2025-11-04
573,374947,"['Air', 'Fugitive Dust/Particulate Matter']",2025-10-23,2025-10-23,Montgomery,Incident Closed-Managed,20866,2025-11-03
574,374938,['Fugitive Dust/Particulate Matter'],2025-10-29,2025-10-29,Washington,Under Investigation,21742,
575,374935,['Other'],2025-10-30,2025-10-30,Howard,Incident Closed-Managed,,2025-10-31
576,374934,['Fugitive Dust/Particulate Matter'],2025-10-28,2025-10-28,Washington,Under Investigation,21742,
577,374932,['Fugitive Dust/Particulate Matter'],2025-10-27,2025-10-27,Allegany,Incident Closed-Managed,21742,2025-11-13
578,374931,['Fugitive Dust/Particulate Matter'],2025-10-10,2025-10-10,Washington,Incident Closed-Managed,21742,2025-11-13
579,374930,['Air'],2025-10-27,,Harford,Referred to Outside Agency,,
580,374929,['Odor'],2025-10-20,2025-10-18,Washington,Referred to Outside Agency,21719,
581,374926,['Odor'],2025-09-30,2025-09-30,Allegany,Incident Closed - No further action,21540-109,2025-12-03
582,374921,['Fugitive Dust/Particulate Matter'],2025-08-28,2025-08-28,Washington,Under Investigation,21742,
583,374919,['Other'],2025-10-24,2025-10-24,Outside of Maryland,Incident Closed-Managed,,2025-10-28
585,374907,"['Air', 'Fugitive Dust/Particulate Matter']",2025-10-23,2025-10-23,Carroll,Incident Closed-Managed,21784,2025-10-24
586,374904,['Other'],2025-10-24,2025-10-24,Prince George's,Incident Closed-Managed,,2025-10-24
587,374903,['Air'],2025-10-24,2025-10-24,Baltimore,Incident Closed-Managed,,2025-10-24
588,374902,['Air'],2025-10-23,2025-10-23,Baltimore,Referred to Outside Agency,,
589,374900,['Air'],2025-10-21,2025-10-21,Baltimore,Referred to Outside Agency,,
590,364902,['Odor'],2025-10-20,2025-10-16,Baltimore City,Incident Closed - No further action,21224,2025-10-16
591,364901,['Air'],2025-10-21,2025-10-21,Baltimore,Referred to Outside Agency,,
592,364897,['Other'],2025-10-21,2025-10-21,Prince George's,Incident Closed-Managed,,2025-10-22
593,364896,['Other'],2025-10-10,2025-10-10,Howard,Incident Closed-Managed,21075,2025-10-22
594,364890,['Air'],2025-10-19,2025-10-19,Anne Arundel,Incident Closed-No Violation Observed,21226,2025-11-05
595,364889,['Air'],2025-10-19,2025-10-19,Frederick,Referred to LMA,21703,
596,364888,['Air'],2025-10-17,2025-10-17,Frederick,Incident Closed - No further action,,2025-10-21
597,364881,['Fugitive Dust/Particulate Matter'],2025-10-20,2025-10-17,Anne Arundel,Under Investigation,,
598,364880,['Fugitive Dust/Particulate Matter'],2025-10-20,2025-10-17,Anne Arundel,Under Investigation,21226,
599,364879,['Fugitive Dust/Particulate Matter'],2025-10-17,2025-10-17,Anne Arundel,Under Investigation,,
600,364878,['Fugitive Dust/Particulate Matter'],2025-10-17,2025-10-14,Anne Arundel,Under Investigation,,
601,364877,['Fugitive Dust/Particulate Matter'],2025-10-20,2025-10-15,Anne Arundel,Under Investigation,,
602,364876,['Fugitive Dust/Particulate Matter'],2025-10-20,2025-10-17,Anne Arundel,Under Investigation,,
603,364875,['Fugitive Dust/Particulate Matter'],2025-10-20,2025-10-15,Anne Arundel,Under Investigation,21226,
604,364874,['Fugitive Dust/Particulate Matter'],2025-10-15,2025-10-15,Anne Arundel,Under Investigation,21226,
605,364867,"['Air', 'Equipment Malfunction', 'Other']",2025-10-09,2025-10-01,Cecil,Incident Closed-Managed,21921,2026-04-29
606,364862,['Air'],2025-10-14,2025-10-14,Baltimore,Incident Closed-Managed,,2025-10-17
607,364861,['ARA AQCP non-regulated entity'],2025-10-07,2025-10-06,Wicomico,Incident Closed-No Violation Observed,,2025-10-09
608,364860,['ARA AQCP non-regulated entity'],2025-10-16,2025-10-10,Somerset,Under Investigation,21853,
609,364848,['Air'],2025-10-10,2025-10-10,Anne Arundel,Incident Closed-No Violation Observed,21032,2025-12-30
610,364846,"['Air', 'Open Burning']",2025-10-08,2025-10-08,Montgomery,Referred to Outside Agency,20833,
611,364845,['Odor'],2025-09-15,2025-09-13,Dorchester,Incident Closed - No further action,21835,2025-09-13
612,364844,['Odor'],2025-09-15,2025-09-12,Dorchester,Incident Closed - No further action,21835,2025-09-12
613,364843,['Odor'],2025-09-15,2025-09-12,Dorchester,Incident Closed - No further action,21835,2025-09-12
614,364842,['Odor'],2025-09-10,2025-09-09,Dorchester,Incident Closed - No further action,21835,2025-09-09
615,364839,['Air'],2025-10-10,2025-10-09,Harford,Referred to LMA,21001,
616,364835,['Other'],2025-10-07,2025-10-07,Prince George's,Incident Closed-Managed,,2025-10-10
617,364830,['Air'],2025-10-08,2025-10-08,Baltimore,Incident Closed-Managed,,2025-10-30
618,364825,['ARA AQCP non-regulated entity'],2025-09-29,2025-09-29,Baltimore,Incident Closed - No further action,,2025-10-08
619,364824,['Odor'],2025-09-27,2025-09-27,Baltimore City,Incident Closed-Managed,,2025-10-08
620,364823,['Odor'],2025-09-23,2025-09-23,Baltimore City,Incident Closed-Managed,,2025-10-08
621,364822,['Odor'],2025-09-20,2025-09-20,Baltimore City,Incident Closed-Managed,,2025-10-08
622,364821,['ARA AQCP non-regulated entity'],2025-09-16,2025-09-16,Baltimore City,Incident Closed - No further action,,2025-10-08
624,364811,"['Air', 'Other']",2025-10-05,2025-10-05,Montgomery,Incident Closed - No further action,,2025-10-06
625,364810,"['Air', 'Fumes', 'Open Burning', 'Smoke']",2025-10-06,2025-10-06,Cecil,Referred to Outside Agency,21903,
626,364799,['Air'],2025-10-03,2025-10-03,Anne Arundel,Incident Not Applicable to MDE,,
627,364794,['Air'],2025-09-27,2025-09-27,Harford,Incident Closed - No further action,,2025-10-30
628,364793,['Air'],2025-09-25,2025-09-25,Harford,Incident Closed-Managed,,2025-10-03
629,364790,"['Air', 'Other', 'Waste']",2025-10-01,2025-10-01,Montgomery,Referred to LMA,20855,
630,364789,"['Air', 'Other']",2025-10-01,2025-10-01,Montgomery,Referred to Outside Agency,,
631,364773,['Air'],2025-09-29,2025-09-29,,Incident Closed-No Violation Observed,,2025-10-03
632,364772,['Air'],2025-09-29,2025-09-29,Baltimore,Incident Closed-Managed,,2025-09-29
633,364771,['Air'],2025-09-29,2025-09-29,Anne Arundel,Incident Closed-No Violation Observed,21144,2025-10-01
634,364770,['Air'],2025-09-29,2025-09-29,Anne Arundel,Incident Not Applicable to MDE,21401,
635,364769,['Air'],2025-09-27,2025-09-27,Frederick,Referred to Outside Agency,21771,
636,364762,['Air'],2025-09-26,2025-09-26,Baltimore,Incident Closed-Managed,,2025-09-26
637,364751,['Air'],2025-09-22,2025-09-22,Anne Arundel,Incident Not Applicable to MDE,,
638,364745,['Other'],2025-09-23,2025-09-23,Prince George's,Incident Closed-Managed,,2025-09-23
639,364742,['Air'],2025-09-22,2025-09-22,Baltimore,Referred to Outside Agency,,
640,364741,['Air'],2025-09-22,2025-09-22,Anne Arundel,Incident Closed - No further action,21122,2026-01-13
641,364740,['Air'],2025-09-19,2025-09-19,Harford,Incident Closed-No Violation Observed,,2025-09-23
642,364739,['Air'],2025-09-19,2025-09-19,Anne Arundel,Incident Closed-No Violation Observed,21226,2025-09-22
643,364738,['Air'],2025-09-17,2025-09-17,Harford,Incident Closed-Managed,,2025-10-30
644,364736,['Air'],2025-09-17,2025-09-17,Baltimore,Incident Closed-Managed,,2025-09-22
645,364732,['Other'],2025-09-19,2025-09-19,Howard,Incident Closed-Managed,21075,2025-09-19
646,364722,['Air'],2025-09-18,2025-09-18,Anne Arundel,Incident Closed-Managed,21076,2025-09-22
647,364711,['Air'],2025-09-16,2025-09-16,Anne Arundel,Incident Closed - No further action,,2025-09-18
648,364708,['Air'],2025-09-15,2025-09-15,Frederick,Incident Closed-No Violation Observed,21774,2025-09-23
649,364707,['Air'],2025-09-15,2025-09-15,Frederick,Incident Closed-No Violation Observed,21774,2025-09-23
650,364700,"['Air', 'Fugitive Dust/Particulate Matter']",2025-09-09,2025-09-09,Cecil,Incident Closed-Managed,21921,2025-09-15
651,364699,['Other'],2025-09-09,2025-09-09,Cecil,Referred to Outside Agency,21921,
652,364694,['Air'],2025-09-15,2025-09-15,Baltimore,Incident Closed-Managed,,2025-09-23
653,364693,['Air'],2025-09-13,2025-09-13,Baltimore,Incident Closed-Managed,,2025-09-15
654,364681,"['Odor', 'Open Burning']",2025-09-10,2025-09-10,Washington,Referred to Outside Agency,21719,
655,364674,['Odor'],2025-09-03,2025-09-03,Baltimore City,Incident Closed-Managed,,2025-09-10
656,364673,['Odor'],2025-09-03,2025-09-03,Baltimore City,Incident Closed-Managed,,2025-09-10
657,364672,['Odor'],2025-09-02,2025-09-02,Baltimore City,Incident Closed-Managed,,2025-09-10
658,364671,['ARA AQCP non-regulated entity'],2025-08-18,2025-08-18,Baltimore City,Incident Closed - No further action,,2025-09-10
659,364670,['Fumes'],2025-08-11,2025-08-11,Baltimore City,Incident Closed-Managed,,2025-09-10
660,364667,['Air'],2025-09-08,2025-09-08,Anne Arundel,Incident Not Applicable to MDE,20751,
661,364666,['Air'],2025-09-08,2025-09-08,Charles,Incident Closed-Managed,20640,2025-09-10
662,364662,['Air'],2025-09-05,2025-09-05,Frederick,Incident Closed-Managed,,2025-09-10
663,364655,"['Air', 'Fugitive Dust/Particulate Matter']",2025-09-03,2025-09-01,Montgomery,Incident Closed-Managed,20850,2025-09-05
664,364654,['Air'],2025-09-04,2025-09-04,Baltimore,Under Investigation,,
665,364651,['Other'],2025-09-04,2025-09-04,Prince George's,Incident Closed-Managed,,2025-09-05
666,364650,['Other'],2025-09-03,2025-09-03,Prince George's,Incident Closed-Managed,21075,2025-09-05
667,364644,['Air'],2025-09-03,2025-09-03,Baltimore,Incident Closed-Managed,,2025-09-04
668,364640,"['Open Burning', 'Smoke']",2025-09-03,2025-09-03,Allegany,Referred to Outside Agency,21502,
669,364636,"['Air', 'Open Burning']",2025-09-02,2025-09-02,Carroll,Referred to Outside Agency,,
670,364635,"['Air', 'Odor']",2025-09-03,2025-09-03,Montgomery,Referred to Outside Agency,20854,
671,364632,"['Open Burning', 'Smoke']",2025-09-02,2025-09-01,Allegany,Referred to Outside Agency,21502,
672,364630,['Open Burning'],2025-08-28,2025-08-28,Allegany,Referred to Outside Agency,21502,
673,364628,"['Air', 'Odor']",2025-09-02,2025-08-31,Montgomery,Referred to Outside Agency,20854,
674,364627,['Air'],2025-08-28,2025-08-28,Montgomery,Incident Closed-Managed,20837,2025-09-02
675,364626,['Air'],2025-09-02,2025-09-01,Anne Arundel,Incident Closed - No further action,21225,2025-09-10
676,364624,['Air'],2025-09-01,2025-09-01,Anne Arundel,Incident Closed-No Violation Observed,21060,2025-09-08
677,364623,['Air'],2025-09-02,2025-09-02,Anne Arundel,Incident Closed-No Violation Observed,21060,2025-09-08
678,364618,['Odor'],2025-08-26,2025-08-29,Allegany,Incident Closed-No Violation Observed,21502,2026-01-07
679,364617,"['Odor', 'Smoke']",2025-08-26,2025-08-26,Garrett,Incident Closed-Managed,21550,2026-03-19
680,364613,"['Air', 'Smoke']",2025-08-25,2025-08-22,Carroll,Incident Closed-Managed,,2025-08-28
681,364612,"['Air', 'Odor']",2025-08-21,2025-08-21,Montgomery,Referred to Outside Agency,,
682,364608,['Odor'],2025-08-22,2025-08-22,Dorchester,Incident Closed - No further action,21835,2025-08-22
683,364605,['Air'],2025-08-27,2025-08-22,Frederick,Incident Closed - No further action,21701,2025-08-28
684,364599,['Odor'],2025-08-22,2025-08-22,Allegany,Under Investigation,21502,
685,364597,['Air'],2025-08-15,2025-08-15,Baltimore,Incident Closed-Managed,,2025-09-02
686,364596,['Other'],2025-08-22,2025-08-22,Howard,Incident Closed-Managed,21075,2025-08-25
687,364594,['Other'],2025-08-20,2025-08-20,Prince George's,Incident Closed-Managed,,2025-08-25
688,364591,['Odor'],2025-08-22,2025-08-22,Washington,Referred to Outside Agency,21740,
689,364590,['Other'],2025-08-19,2025-08-19,Howard,Incident Closed-Managed,21075,2025-08-25
690,364589,['Other'],2025-08-20,2025-08-20,Prince George's,Incident Closed-Managed,,2025-10-02
691,364588,['Other'],2025-08-19,2025-08-19,Prince George's,Incident Closed-Managed,,2025-10-02
692,364587,['Other'],2025-08-18,2025-08-18,Washington,Incident Closed - No further action,21719,2025-08-25
693,364586,['Fugitive Dust/Particulate Matter'],2025-08-16,2025-08-16,Washington,Incident Closed-No Violation Observed,21742,2025-11-12
694,364585,['Illegal Dam'],2025-08-14,2025-08-14,Allegany,Referred to WMA,21530,
695,364572,['Air'],2025-08-20,2025-08-20,Howard,Incident Closed-No Violation Observed,20794,2025-08-26
696,364570,['Air'],2025-08-15,2025-08-15,Baltimore,Incident Closed-No Violation Observed,,2025-08-20
697,364562,['Air'],2025-08-18,2025-08-18,Frederick,Incident Not Applicable to MDE,21701,
698,364561,['Air'],2025-08-18,2025-08-18,Anne Arundel,Under Investigation,21113,
699,364560,['Air'],2025-08-18,2025-08-18,Anne Arundel,Incident Closed-No Violation Observed,21113,2025-08-26
700,364559,['Air'],2025-08-14,2025-08-14,Anne Arundel,Incident Closed - No further action,21403,2025-08-27
701,364558,['Odor'],2025-08-10,2025-08-10,Anne Arundel,Incident Closed - No further action,21226,2025-08-10
702,364557,['Odor'],2025-08-09,2025-08-09,Anne Arundel,Incident Closed - No further action,21226,2025-08-09
703,364549,['Air'],2025-08-14,2025-08-14,Montgomery,Incident Not Applicable to MDE,,
704,364545,['Odor'],2025-08-10,2025-08-10,Dorchester,Incident Closed - No further action,21835,2025-08-10
705,364544,"['Air', 'Open Burning', 'Smoke']",2025-08-13,2025-08-13,Cecil,Referred to Outside Agency,21921,
706,364543,['Air'],2025-08-12,2025-08-12,Montgomery,Referred to Outside Agency,,
707,364536,"['Air', 'Odor']",2025-08-11,2025-08-06,Montgomery,Incident Closed-Managed,20850,2025-08-12
708,364531,['Other'],2025-08-11,2025-08-09,Washington,Incident Closed - No further action,21742,2025-11-12
709,364529,['Other'],2025-08-07,2025-08-07,Allegany,Incident Closed - No further action,,2025-08-11
710,364526,"['Air', 'Fugitive Dust/Particulate Matter', 'Odor']",2025-08-07,2025-08-07,Montgomery,Incident Closed-Managed,20850,2025-08-12
711,364525,"['Air Pollutant Release', 'Fugitive Dust/Particulate Matter', 'Odor']",2025-08-07,2025-08-07,Montgomery,Incident Closed-Managed,20850,2025-08-12
712,364524,"['Air', 'Air Pollutant Release', 'Fugitive Dust/Particulate Matter', 'Odor']",2025-08-06,2025-08-06,Montgomery,Incident Closed-Managed,20850,2025-08-12
713,364523,['Air'],2025-08-07,2025-08-07,Carroll,Incident Closed-Managed,,2025-08-08
714,364521,['Air'],2025-08-08,2025-08-08,Baltimore,Incident Closed-No Violation Observed,,2025-09-29
715,364520,['Air'],2025-08-07,2025-08-07,Baltimore,Incident Closed-Managed,,2025-08-08
716,364518,['Air'],2025-08-06,2025-08-06,Frederick,Incident Closed-Managed,21701,2025-09-23
717,364517,['Air'],2025-08-07,2025-08-01,Frederick,Incident Closed-Managed,21701,2025-08-07
718,364502,['Fugitive Dust/Particulate Matter'],2025-08-01,2025-08-01,Baltimore City,Incident Closed-Managed,,2025-08-06
719,364501,['Smoke'],2025-07-30,2025-07-30,Baltimore City,Incident Closed-Managed,,2025-08-06
720,364500,"['Odor', 'Open Burning']",2025-08-05,2025-07-22,Cecil,Referred to Outside Agency,21921,
721,364499,['ARA AQCP non-regulated entity'],2025-07-24,2025-07-24,Baltimore City,Incident Closed - No further action,,2025-08-06
722,364498,['ARA AQCP non-regulated entity'],2025-07-21,2025-07-21,Baltimore City,Incident Closed - No further action,,2025-08-06
723,364497,['Odor'],2025-08-03,2025-08-03,Dorchester,Incident Closed - No further action,21835,2025-08-03
724,364496,['Odor'],2025-08-03,2025-08-03,Dorchester,Incident Closed - No further action,21835,2025-08-03
725,364494,['Other'],2025-08-04,2025-07-27,Washington,Incident Closed - No further action,21740,2025-08-05
726,364493,['Fugitive Dust/Particulate Matter'],2025-08-01,2025-08-01,Washington,Incident Closed-Managed,21742,2025-11-12
727,364483,['Fumes'],2025-08-01,2025-07-31,Washington,Incident Closed - No further action,21740,2025-12-03
728,364477,['Air'],2025-08-01,2025-08-01,Frederick,Incident Not Applicable to MDE,,
729,364476,['Air'],2025-07-29,2025-07-29,Charles,Incident Closed-Managed,,2025-09-23
730,364472,['Odor'],2025-07-31,2025-07-31,Dorchester,Incident Closed - No further action,21835,2025-07-31
731,364464,['ARA AQCP non-regulated entity'],2025-07-21,2025-07-21,Baltimore City,Incident Closed - No further action,,2025-07-31
732,364463,['Odor'],2025-07-14,2025-07-14,Baltimore City,Incident Closed-Managed,,2025-07-31
733,364462,['Odor'],2025-07-24,2025-07-24,Dorchester,Incident Closed - No further action,21835,2025-07-24
734,364460,['Odor'],2025-07-24,2025-07-24,Dorchester,Incident Closed - No further action,21835,2025-07-24
735,364459,['Smoke'],2025-07-10,2025-07-10,St. Mary's,Incident Closed-Managed,,2025-07-31
736,364458,['Fugitive Dust/Particulate Matter'],2025-07-09,2025-07-09,Baltimore City,Incident Closed-Managed,,2025-07-31
737,364457,['Odor'],2025-06-02,2025-06-02,Baltimore City,Incident Closed - No further action,,2025-07-31
738,364455,['Fugitive Dust/Particulate Matter'],2025-07-29,2025-07-29,Washington,Incident Closed - No further action,21740,2025-08-04
739,364454,['Fugitive Dust/Particulate Matter'],2025-05-14,2025-05-14,Baltimore City,Incident Closed-Managed,,2025-07-31
740,364452,"['Air', 'Open Burning', 'Smoke']",2025-07-28,2025-07-27,Carroll,Referred to Outside Agency,,
741,364448,['Odor'],2025-07-23,2025-07-23,Dorchester,Incident Closed - No further action,21835,2025-07-23
742,364447,"['Air', 'Fumes']",2025-07-24,2025-07-24,Montgomery,Incident Closed-Managed,,2025-07-28
743,364434,['Air'],2025-07-24,2025-07-24,Frederick,Incident Closed-No Violation Observed,,2025-08-07
744,364433,['Non-Tidal Wetlands/Waterway'],2025-07-17,2025-07-17,Allegany,Incident Closed - No further action,21502,2025-07-24
745,364432,['Odor'],2025-07-10,2025-07-10,Allegany,Incident Closed - No further action,21502,2025-07-24
746,364431,['Odor'],2025-07-19,2025-07-19,Dorchester,Incident Closed - No further action,21835,2025-07-19
747,364430,['Odor'],2025-07-19,2025-07-19,Dorchester,Incident Closed - No further action,21835,2025-07-19
748,364429,['Odor'],2025-07-19,2025-07-19,Dorchester,Incident Closed - No further action,21835,2025-07-19
749,364423,['Air'],2025-07-22,2025-07-22,Anne Arundel,Incident Not Applicable to MDE,,
750,364415,['Air'],2025-07-19,2025-07-19,Baltimore,Incident Closed-No Violation Observed,,2025-07-23
751,364408,['Other'],2025-07-16,2025-07-16,Howard,Incident Closed-Managed,,2025-07-18
752,364392,['ARA AQCP non-regulated entity'],2025-07-16,2025-07-14,Worcester,Incident Not Applicable to MDE,,
753,364387,['Air'],2025-07-14,2025-07-14,Carroll,Incident Closed - No further action,21757,2025-07-15
754,364383,['Odor'],2025-07-05,2025-07-05,Dorchester,Incident Closed - No further action,21835,2025-07-05
755,364382,['Odor'],2025-07-05,2025-07-04,Dorchester,Incident Closed - No further action,21835,2025-07-04
756,364373,['Air'],2025-07-11,2025-07-11,Anne Arundel,Incident Not Applicable to MDE,,
757,364371,['Air'],2025-07-11,2025-07-11,Carroll,Referred to Outside Agency,21784,
758,364368,['Other'],2025-07-09,2025-07-09,Howard,Incident Closed-Managed,,2025-07-11
759,364358,"['Air', 'Fugitive Dust/Particulate Matter']",2025-07-08,2025-07-08,Montgomery,Incident Closed-Managed,20877,2025-07-09
760,364354,['Air'],2025-07-07,2025-07-07,Anne Arundel,Incident Not Applicable to MDE,,
761,364338,['Other'],2025-07-03,2025-07-03,Prince George's,Incident Closed-Managed,,2025-07-11
762,364336,['Odor'],2025-07-02,2025-07-02,Allegany,Incident Closed - No further action,21502,2025-10-27
763,364333,['Air'],2025-07-02,2025-07-02,Baltimore,Incident Closed-Managed,,2025-07-03
764,364330,['ARA AQCP non-regulated entity'],2025-07-03,2025-06-26,Somerset,Incident Closed-Managed,,2025-07-03
765,364329,['Air'],2025-07-02,2025-07-02,Baltimore,Incident Closed-Managed,,2025-07-03
766,364327,"['Air', 'Fumes', 'Odor', 'Smoke']",2025-07-01,2025-07-01,Cecil,Referred to Outside Agency,21921,
767,364314,['Air'],2025-06-28,2025-06-28,Baltimore,Incident Closed-Managed,,2025-06-30
768,364312,['Other'],2025-06-25,2025-06-25,Prince George's,Incident Closed-Managed,,2025-06-30
769,364305,['Other'],2025-06-19,2025-05-13,Allegany,Incident Closed - No further action,,2025-06-27
770,364304,"['Odor', 'Smoke']",2025-06-12,2025-06-12,Allegany,Incident Closed - No further action,21555,2025-06-27
771,364303,['Other'],2025-06-10,2025-06-10,Allegany,Incident Closed - No further action,21502,2025-06-27
772,364302,['Other'],2025-06-10,2025-06-10,Allegany,Incident Closed - No further action,21502,2025-06-27
773,364297,"['Air', 'Fugitive Dust/Particulate Matter']",2025-06-24,2025-06-24,Cecil,Incident Closed-Managed,21921,2025-09-15
774,364296,"['Air', 'Fumes', 'Smoke']",2025-06-23,2025-06-23,Montgomery,Referred to Outside Agency,20910,
776,364285,"['Air', 'Fugitive Dust/Particulate Matter', 'Other']",2025-06-18,2025-06-18,Carroll,Incident Closed-Managed,21787,2025-06-23
777,364282,['Odor'],2025-06-18,2025-06-18,Anne Arundel,Incident Closed - No further action,21226,2025-06-18
778,364280,['Air'],2025-06-18,2025-06-18,Anne Arundel,Incident Not Applicable to MDE,21146,
779,364276,['Air'],2025-06-17,2025-06-17,Anne Arundel,Incident Not Applicable to MDE,21401,
780,364271,['Air'],2025-06-16,2025-06-16,Baltimore,Incident Closed-No Violation Observed,,2025-06-17
781,364268,['Air'],2025-06-16,2025-06-16,Anne Arundel,Incident Not Applicable to MDE,21060,
782,364266,"['Air', 'Odor', 'Smoke']",2025-06-14,2025-06-14,Cecil,Incident Closed - No further action,,2025-06-16
783,364261,['Other'],2025-06-13,2025-06-13,Prince George's,Incident Closed-Managed,,2025-06-16
784,364257,"['Air', 'Other', 'Unknown Substance']",2025-06-13,2025-06-13,Cecil,Incident Closed - No further action,21918,2025-06-13
785,364254,['Air'],2025-06-12,2025-06-12,Harford,Referred to Outside Agency,,
786,364252,['Other'],2025-06-09,2025-06-09,Howard,Incident Closed-Managed,21075,2025-06-12
787,364249,['Air'],2025-06-11,2025-06-11,Anne Arundel,Incident Not Applicable to MDE,,
788,364243,['Air'],2025-06-10,2025-06-10,Anne Arundel,Incident Closed-No Violation Observed,21060,2025-06-12
789,364234,['Air'],2025-06-05,2025-06-05,Anne Arundel,Incident Closed-No Violation Observed,21225,2025-06-12
790,364233,"['Air', 'Fugitive Dust/Particulate Matter', 'Suspected Operation without Permit']",2025-05-29,2025-05-29,Montgomery,Incident Closed-Managed,20910,2025-06-06
791,364232,['Air'],2025-06-05,2025-06-05,Carroll,Incident Closed-Managed,,2025-06-06
792,364199,['Air'],2025-05-30,2025-05-30,Anne Arundel,Incident Closed - No further action,20755,2025-08-26
793,364196,['Fugitive Dust/Particulate Matter'],2025-05-29,2025-05-29,Washington,Incident Closed-No Violation Observed,21742,2025-11-12
794,364187,['Air'],2025-05-27,2025-05-27,Baltimore,Incident Closed-No Violation Observed,,2025-05-29
795,364180,['Air'],2025-05-27,2025-05-27,Baltimore,Incident Closed-Managed,,2025-05-28
796,364175,['Air'],2025-05-19,2025-05-19,Anne Arundel,Incident Closed-Managed,20776,2025-06-17
797,364174,['Air'],2025-05-20,2025-05-20,Anne Arundel,Incident Closed-No Violation Observed,21060,2025-06-12
798,364173,['Odor'],2025-05-15,2025-05-14,Allegany,Incident Closed - No further action,21540,2025-06-20
799,364172,['ARA AQCP non-regulated entity'],2025-05-27,2025-05-15,Dorchester,Incident Closed-Managed,21613,2025-05-27
800,364171,['Odor'],2025-05-22,2025-05-22,Dorchester,Incident Closed - No further action,21835,2025-05-22
801,364170,['Odor'],2025-05-22,2025-05-22,Dorchester,Incident Closed - No further action,21835,2025-05-22
802,364169,['Odor'],2025-05-21,2025-05-21,Dorchester,Incident Closed - No further action,21835,2025-05-21
803,364168,['Odor'],2025-05-21,2025-05-21,Dorchester,Incident Closed - No further action,21835,2025-05-21
804,364167,['Odor'],2025-05-21,2025-05-21,Dorchester,Incident Closed - No further action,21835,2025-05-21
805,364166,['Odor'],2025-05-21,2025-05-21,Dorchester,Incident Closed - No further action,21835,2025-05-21
806,354161,['Odor'],2025-05-20,2025-05-20,Baltimore City,Incident Closed-Managed,,2025-05-22
807,354160,['ARA AQCP non-regulated entity'],2025-05-20,2025-05-20,Baltimore City,Incident Closed - No further action,,2025-05-22
808,354159,['Odor'],2025-05-12,2025-05-12,Baltimore City,Incident Closed-Managed,,2025-05-22
809,354158,['Odor'],2025-05-06,2025-05-06,Baltimore City,Incident Closed-Managed,,2025-05-22
810,354157,['Odor'],2025-05-04,2025-05-04,Baltimore City,Incident Closed-Managed,,2025-05-22
811,354156,['Odor'],2025-05-03,2025-05-03,Baltimore City,Incident Closed-Managed,,2025-05-22
812,354155,['Odor'],2025-04-23,2025-04-23,Baltimore City,Incident Closed-Managed,,2025-05-22
813,354154,['Odor'],2025-04-14,2025-04-14,Baltimore City,Incident Closed-Managed,,2025-05-22
814,354150,"['Air', 'Fugitive Dust/Particulate Matter', 'Smoke']",2025-05-09,2025-05-04,Montgomery,Incident Closed-Managed,20855,2025-10-03
815,354142,['Air'],2025-05-20,2025-05-19,Baltimore,Referred to Outside Agency,,
817,354136,['Other'],2025-05-16,2025-05-16,Prince George's,Incident Closed-Managed,,2025-05-19
818,354135,['Other'],2025-05-15,2025-05-15,Prince George's,Incident Closed-Managed,,2025-05-19
819,354133,['Fumes'],2025-05-12,2025-05-12,Allegany,Incident Closed - No further action,21502,2025-06-20
820,354131,['Odor'],2025-05-15,2025-05-14,Dorchester,Incident Closed - No further action,21835,2025-05-14
821,354130,['Odor'],2025-05-14,2025-05-14,Dorchester,Incident Closed - No further action,21835,2025-05-14
822,354129,['Odor'],2025-05-14,2025-05-14,Dorchester,Incident Closed - No further action,21835,2025-05-14
823,354128,['Odor'],2025-05-14,2025-05-14,Dorchester,Incident Closed - No further action,21835,2025-05-14
824,354127,['Odor'],2025-05-14,2025-05-14,Dorchester,Incident Closed - No further action,21835,2025-05-14
825,354116,['Air'],2025-05-13,2025-05-13,Anne Arundel,Incident Closed-Managed,,2025-05-29
826,354113,['Air'],2025-05-12,2025-05-12,Anne Arundel,Incident Closed-No Violation Observed,21060,2025-06-12
827,354111,"['Air', 'Odor']",2025-05-13,2025-05-12,Cecil,Referred to Outside Agency,21911,
828,354107,['Air'],2025-05-09,2025-05-09,Anne Arundel,Incident Closed - No further action,,2025-05-29
829,354101,['Air'],2025-05-08,2025-05-08,Baltimore,Referred to Outside Agency,,
830,354100,['Air'],2025-05-09,2025-05-09,Baltimore,Incident Closed-Managed,,2025-05-12
831,354099,['Other'],2025-05-12,2025-05-12,Prince George's,Incident Closed-Managed,,2025-05-12
832,354098,['Air'],2025-05-08,2025-05-08,Frederick,Incident Closed - No further action,21701,2025-06-12
833,354097,['Air'],2025-05-02,2025-05-02,Frederick,Incident Closed-No Violation Observed,21755,2025-06-11
834,354094,"['Air', 'Odor']",2025-05-09,2025-04-30,Cecil,Incident Closed-Managed,21901,2025-05-09
835,354092,"['Air', 'Odor', 'Smoke']",2025-05-05,2025-05-05,Montgomery,Incident Closed - No further action,,2025-05-09
836,354077,['ARA AQCP non-regulated entity'],2025-05-05,2025-04-24,Wicomico,Incident Closed-Managed,,2025-04-29
837,354076,"['Fumes', 'Possible Permit Violation']",2025-05-02,2025-05-02,Washington,Under Investigation,21740,
838,354067,"['Air', 'Fugitive Dust/Particulate Matter']",2025-05-02,2025-05-01,Cecil,Incident Closed-Managed,21920,2026-03-12
839,354066,"['Air', 'Fugitive Dust/Particulate Matter']",2025-04-29,2025-04-29,Cecil,Incident Closed-Managed,21921,2025-09-15
840,354065,['Air'],2025-05-02,2025-05-02,Baltimore,Incident Closed-Managed,,2025-05-02
841,354064,"['Odor', 'Smoke']",2025-05-01,2025-05-01,Allegany,Incident Closed - No further action,26753,2025-11-03
842,354063,['Air'],2025-04-30,2025-04-30,Frederick,Incident Closed-Managed,21771,2025-05-12
843,354060,['Smoke'],2025-04-25,2025-04-25,Allegany,Under Investigation,26753,
844,354058,['Air'],2025-04-30,2025-04-30,Anne Arundel,Incident Closed-No Violation Observed,21226,2025-05-01
845,354056,['Other'],2025-04-30,2025-04-30,Howard,Incident Closed-Managed,,2025-05-01
846,354051,['Smoke'],2025-04-14,2025-04-14,Allegany,Incident Closed - No further action,21502,2025-06-20
847,354050,['Air'],2025-04-28,2025-04-28,Baltimore,Incident Closed-Managed,,2025-05-02
848,354049,['Air'],2025-04-28,2025-04-28,Frederick,Incident Closed-No Violation Observed,21703,2025-06-10
849,354047,['ARA AQCP non-regulated entity'],2025-04-28,2025-03-12,Prince George's,Incident Closed - No further action,,2025-03-12
850,354045,['Other'],2025-04-27,2025-04-27,Prince George's,Incident Closed-Managed,,2025-04-28
851,354044,['Other'],2025-04-26,2025-04-26,Prince George's,Incident Closed-Managed,20785,2025-04-28
852,354042,['Air'],2025-04-22,2025-04-22,Anne Arundel,Incident Closed-No Violation Observed,21226,2025-04-30
853,354041,['Air'],2025-04-21,2025-04-21,Anne Arundel,Incident Closed-No Violation Observed,,2025-04-23
854,354022,['Air'],2025-04-20,2025-04-20,Anne Arundel,Incident Closed-No Violation Observed,21060,2025-04-30
855,354016,['Air'],2025-04-11,2025-04-11,Anne Arundel,Incident Closed-No Violation Observed,,2025-04-17
856,354003,['Air'],2025-04-15,2025-04-15,St. Mary's,Incident Closed-No Violation Observed,,2025-10-30
857,353991,['Air'],2025-04-14,2025-04-14,Anne Arundel,Incident Closed-Managed,21226,2025-04-14
858,353989,['Odor'],2025-04-14,2025-04-14,Howard,Incident Closed - No further action,,2025-04-14
859,353987,['Other'],2025-04-11,2025-04-11,Allegany,Incident Closed - No further action,21539,2025-05-07
860,353982,['Other'],2025-04-09,2025-04-09,Prince George's,Incident Closed-Managed,,2025-04-11
861,353981,['Other'],2025-04-09,2025-04-09,Prince George's,Incident Closed-Managed,,2025-04-11
862,353980,['Other'],2025-04-07,2025-04-07,Prince George's,Incident Closed-Managed,,2025-04-11
863,353965,['Odor'],2025-04-08,2025-04-04,Anne Arundel,Incident Closed-Managed,,2025-04-08
864,353963,['Air'],2025-04-08,2025-04-08,Anne Arundel,Incident Closed-Managed,21226,2025-04-14
865,353960,['Noise Complaint'],2025-04-05,2025-04-05,Anne Arundel,Incident Closed-No Violation Observed,,2025-04-08
866,353959,['Air'],2025-03-28,2025-03-28,Anne Arundel,Incident Closed-No Violation Observed,21060,2025-04-14
867,353958,['Air'],2025-03-28,2025-03-28,Frederick,Incident Closed-No Violation Observed,21703,2025-06-10
868,353957,['Air'],2025-03-28,2025-03-28,Anne Arundel,Incident Closed - No further action,21403,2025-08-18
869,353956,['Air'],2025-03-27,2025-02-27,Anne Arundel,Incident Closed-No Violation Observed,21226,2025-04-14
870,353955,['Air'],2025-04-05,2025-04-05,Anne Arundel,Incident Closed-No Violation Observed,21060,2025-04-14
871,353954,['Air'],2025-04-05,2025-04-05,Anne Arundel,Incident Closed-No Violation Observed,21060,2025-04-14
872,353953,['Air'],2025-04-04,2025-04-04,Anne Arundel,Incident Closed-Managed,21060,2025-04-14
873,353948,['Air'],2025-04-07,2025-04-07,Baltimore,Incident Closed-Managed,,2025-04-07
874,353947,['Air'],2025-04-02,2025-04-02,Harford,Referred to ARA,,
875,353944,['Other'],2025-04-02,2025-04-02,Prince George's,Incident Closed-Managed,,2025-04-04
876,353942,['Odor'],2025-03-27,2025-03-27,Baltimore City,Incident Closed-Managed,,2025-04-03
877,353941,['Odor'],2025-03-23,2025-03-23,Baltimore City,Incident Closed-Managed,,2025-04-03
878,353940,['Odor'],2025-03-19,2025-03-19,Baltimore City,Incident Closed - No further action,,2025-04-03
879,353939,['Odor'],2025-03-14,2025-03-14,Baltimore City,Incident Closed-Managed,,2025-04-03
880,353938,['Odor'],2025-03-14,2025-03-14,Baltimore City,Incident Closed - No further action,,2025-04-03
881,353937,['Odor'],2025-03-14,2025-03-14,Baltimore City,Incident Closed-Managed,,2025-04-03
882,353936,['Odor'],2025-03-13,2025-03-13,Baltimore City,Incident Closed-Managed,,2025-04-03
883,353935,['Odor'],2025-03-11,2025-03-11,Baltimore City,Incident Closed-Managed,,2025-04-03
884,353934,['Odor'],2025-03-01,2025-03-01,Baltimore City,Incident Closed-Managed,,2025-04-03
885,353933,['Fugitive Dust/Particulate Matter'],2025-02-28,2025-02-28,Baltimore City,Incident Closed-Managed,,2025-04-03
886,353932,['Odor'],2025-02-27,2025-02-27,Baltimore City,Incident Closed-Managed,,2025-04-03
887,353930,['Odor'],2025-02-24,2025-02-24,Baltimore City,Incident Closed-Managed,,2025-04-03
888,353929,['Odor'],2025-01-27,2025-01-27,St. Mary's,Incident Closed-Managed,,2025-04-03
889,353928,['Odor'],2025-01-25,2025-01-25,St. Mary's,Incident Closed-Managed,,2025-04-03
890,353927,['Odor'],2025-01-24,2025-01-24,St. Mary's,Incident Closed-Managed,,2025-04-03
891,353926,['Open Burning'],2025-02-13,2025-02-13,Baltimore City,Incident Closed-Managed,,2025-04-03
892,353924,['Odor'],2025-02-10,2025-02-10,Baltimore City,Incident Closed-Managed,,2025-04-03
893,353922,['Odor'],2025-02-05,2025-02-05,Baltimore City,Incident Closed-Managed,,2025-04-03
894,353921,['Odor'],2025-02-03,2025-02-03,Baltimore City,Incident Closed-Managed,,2025-04-03
895,353916,['Air'],2025-03-31,2025-03-31,Baltimore,Referred to Outside Agency,,
896,353914,['Air'],2025-04-02,2025-03-31,Baltimore,Incident Closed-Managed,,2025-04-02
897,353909,['Air'],2025-04-01,2025-03-31,Baltimore,Incident Closed-Managed,,2025-04-01
898,353900,['Air'],2025-03-29,2025-03-29,Baltimore,Incident Closed-Managed,,2025-04-07
899,353897,['Air'],2025-03-28,2025-03-28,Baltimore,Under Investigation,,
900,353890,['ARA AQCP non-regulated entity'],2025-03-27,2025-03-20,Dorchester,Incident Closed-No Violation Observed,,2025-03-25
901,353886,['Air'],2025-03-20,2025-03-20,Harford,Incident Closed-No Violation Observed,,2025-03-28
902,353885,['Air'],2025-03-19,2025-03-19,Harford,Incident Closed-No Violation Observed,,2025-04-24
903,353881,['Air'],2025-03-22,2025-03-22,Anne Arundel,Incident Closed - No further action,21122,2025-03-24
904,353880,['Air'],2025-03-23,2025-03-23,Anne Arundel,Incident Closed-No Violation Observed,21060,2025-04-14
905,353879,['Air'],2025-03-21,2025-03-21,Anne Arundel,Incident Closed-Managed,21060,2025-04-14
906,353878,['Air'],2025-03-21,2025-03-21,Anne Arundel,Incident Closed-Managed,21060,2025-04-14
907,353877,['Air'],2025-03-21,2025-03-21,Anne Arundel,Incident Closed-Managed,21060,2025-04-14
908,353876,['Air'],2025-03-21,2025-03-21,Anne Arundel,Incident Closed-Managed,21060,2025-04-14
909,353859,['Other'],2025-03-18,2025-03-18,Prince George's,Incident Closed-Managed,,2025-03-21
910,343858,['Air'],2025-03-20,2025-03-20,Anne Arundel,Incident Closed-Managed,21060,2025-04-14
911,343856,['ARA AQCP non-regulated entity'],2025-03-17,2025-03-17,Somerset,Incident Closed-Managed,21853,2025-03-20
912,343855,['Air'],2025-03-18,2025-03-18,Anne Arundel,Incident Closed-No Violation Observed,,2025-03-20
913,343851,['Air'],2025-03-19,2025-03-19,Baltimore,Incident Closed-No Violation Observed,,2025-03-27
914,343846,['Air'],2025-03-17,2025-03-17,Frederick,Incident Closed-Managed,21766,2025-03-20
915,343845,['Air'],2025-03-14,2025-03-14,Frederick,Incident Closed-Managed,21776,2025-03-20
916,343841,['Air'],2025-03-14,2025-03-14,Anne Arundel,Incident Closed-Managed,21060,2025-03-17
917,343840,['Other'],2025-03-14,2025-03-14,Prince George's,Incident Closed-Managed,,2025-03-17
918,343839,['Other'],2025-03-14,2025-03-14,Prince George's,Incident Closed-Managed,,2025-04-11
919,343838,['Air'],2025-03-14,2025-03-14,Anne Arundel,Incident Closed-Managed,21226,2025-03-17
920,343837,['Air'],2025-03-14,2025-03-14,Frederick,Incident Closed-Managed,21788,2025-03-18
921,343835,['Air'],2025-03-14,2025-03-13,Baltimore,Incident Closed-Managed,,2025-03-31
922,343831,['Air'],2025-03-14,2025-03-14,Anne Arundel,Incident Closed-Managed,,2025-03-14
923,343828,['Air'],2025-03-12,2025-03-12,Baltimore,Under Investigation,,
924,343827,['Noise Complaint'],2025-03-11,2025-03-08,Cecil,Incident Not Applicable to MDE,21904,
925,343818,['ARA AQCP non-regulated entity'],2025-03-06,2025-03-06,Caroline,Incident Closed-Managed,,2025-03-06
926,343812,['Air'],2025-03-10,2025-03-10,Charles,Incident Closed-Managed,20613,2025-03-20
927,343808,['Air'],2025-03-07,2025-03-07,Anne Arundel,Incident Closed-No Violation Observed,21401,2025-03-12
928,343801,"['Odor', 'Smoke']",2025-03-03,2025-03-03,Washington,Incident Closed - No further action,21742,2025-06-20
929,343799,"['Open Burning', 'Smoke']",2025-03-03,2025-03-03,Washington,Referred to Outside Agency,21740,
930,343798,['Air'],2025-03-06,2025-03-06,Baltimore,Referred to Outside Agency,,
931,343797,"['Open Burning', 'Smoke']",2025-03-02,2025-03-02,Allegany,Referred to Outside Agency,21502,
932,343788,"['Air', 'Fumes', 'Odor']",2025-03-03,2025-03-01,Montgomery,Referred to Outside Agency,20832,
933,343787,['Air'],2025-02-27,2025-02-27,Baltimore,Referred to LMA,,
934,343786,['ARA AQCP non-regulated entity'],2025-03-05,,Wicomico,Incident Closed-No Violation Observed,,2025-03-11
935,343784,['ARA AQCP non-regulated entity'],2025-03-05,2025-02-28,Dorchester,Incident Closed-Managed,,2025-03-05
936,343783,['ARA AQCP non-regulated entity'],2025-03-05,2025-02-26,Caroline,Incident Closed-No Violation Observed,,2025-03-05
937,343782,['ARA AQCP non-regulated entity'],2025-03-05,2025-02-27,,Incident Closed-No Violation Observed,,2025-02-27
938,343781,['Fugitive Dust/Particulate Matter'],2025-03-05,2025-02-24,Talbot,Incident Closed-Managed,21601,2025-03-05
939,343778,['Air'],2025-03-04,2025-02-26,Anne Arundel,Under Investigation,,
940,343749,['Air'],2025-03-02,2025-03-02,Anne Arundel,Incident Closed-Managed,21226,2025-03-05
941,343744,['Other'],2025-02-27,2025-02-27,Prince George's,Incident Closed-Managed,20781,2025-03-10
942,343742,['Odor'],2025-02-25,2025-02-25,Baltimore City,Incident Closed-No Violation Observed,,2025-02-28
943,343741,['Odor'],2025-02-25,2025-02-25,Baltimore City,Incident Closed-No Violation Observed,,2025-02-28
944,343740,['Air'],2025-02-25,2025-02-25,Anne Arundel,Incident Closed-Managed,21226,2025-02-27
945,343739,['Air'],2025-02-25,2025-02-25,Anne Arundel,Incident Closed-Managed,21226,2025-02-27
946,343738,['Air'],2025-02-25,2025-02-25,Anne Arundel,Incident Closed-Managed,21060,2025-02-27
947,343737,['Air'],2025-02-25,2025-02-25,Anne Arundel,Incident Closed-Managed,21060,2025-02-27
948,343736,['Air'],2025-02-25,2025-02-25,Anne Arundel,Incident Closed-Managed,21060,2025-02-27
949,343735,['Air'],2025-02-25,2025-02-25,Anne Arundel,Incident Closed-Managed,21060,2025-02-27
950,343734,['Air'],2025-02-25,2025-02-25,Anne Arundel,Incident Closed-Managed,21226,2025-02-27
951,343733,['Air'],2025-02-25,2025-02-25,Anne Arundel,Incident Closed-Managed,21226,2025-02-27
952,343732,['Air'],2025-02-25,2025-02-25,Anne Arundel,Incident Closed-Managed,21226,2025-02-27
953,343731,['Air'],2025-02-25,2025-02-25,Anne Arundel,Incident Closed-Managed,21226,2025-02-27
954,343730,['Air'],2025-02-25,2025-02-25,Anne Arundel,Incident Closed-Managed,21226,2025-02-27
955,343727,['Air'],2025-02-25,2025-02-25,Anne Arundel,Incident Closed-Managed,21226,2025-02-27
956,343725,['Noise Complaint'],2025-02-18,2025-02-18,Howard,Incident Closed - No further action,20723,2025-02-18
957,343724,['Air'],2025-02-25,2025-02-25,Anne Arundel,Incident Closed-Managed,21226,2025-02-27
958,343723,['Air'],2025-02-25,2025-02-25,Anne Arundel,Incident Closed-Managed,21226,2025-02-27
959,343722,['Air'],2025-02-25,2025-02-25,Anne Arundel,Incident Closed-Managed,21226,2025-02-27
960,343719,['Air'],2025-02-26,2025-02-26,Frederick,Incident Closed - No further action,21788,2025-02-27
961,343718,"['Air', 'Fumes', 'Odor']",2025-02-25,2025-02-20,Montgomery,Referred to Outside Agency,20906,
962,343716,['Air'],2025-02-25,2025-02-25,Anne Arundel,Incident Closed-Managed,21225,2025-03-05
963,343715,['Air'],2025-02-26,2025-02-26,Anne Arundel,Incident Closed-Managed,21060,2025-03-05
964,343713,['Air'],2025-02-25,2025-02-26,Montgomery,Referred to Outside Agency,,
965,343699,['Air'],2025-02-25,2025-02-24,Baltimore,Referred to Outside Agency,,
966,343698,['Air'],2025-02-24,2025-02-24,Anne Arundel,Incident Not Applicable to MDE,21122,
967,343697,['Air'],2025-02-23,2025-02-23,Anne Arundel,Incident Closed - No further action,21032,2025-02-24
968,343694,['Air'],2025-02-21,2025-02-24,Anne Arundel,Referred to WMA,,
969,343693,['Air'],2025-02-24,2025-02-24,Frederick,Under Investigation,,
970,343692,['Air'],2025-02-24,2025-02-24,Anne Arundel,Incident Closed-Managed,21226,2025-02-26
971,343691,['Open Burning'],2025-02-24,2025-02-23,Washington,Referred to Outside Agency,21740,
972,343690,['Open Burning'],2025-02-21,2025-02-21,Washington,Referred to Outside Agency,21740,
973,343689,"['Odor', 'Smoke']",2025-02-24,2025-02-24,Allegany,Under Investigation,21502,
974,343688,['Other'],2025-02-20,2025-02-20,Prince George's,Incident Closed-Managed,,2025-02-24
975,343687,['Other'],2025-02-17,2025-02-17,Howard,Incident Closed-Managed,,2025-02-24
976,333688,['Air'],2025-02-19,2025-02-19,Anne Arundel,Incident Closed - No further action,21114,2025-03-03
977,333681,['Air'],2025-02-18,2025-02-18,Anne Arundel,Incident Closed-Managed,20711,2025-02-19
978,333680,['Air'],2025-02-18,2025-02-18,Anne Arundel,Incident Not Applicable to MDE,,
979,333674,['Air'],2025-02-18,2025-02-13,Anne Arundel,Incident Closed-Managed,,2025-08-13
980,333673,['Air'],2025-02-13,2025-02-14,Baltimore,Under Investigation,,
981,333672,['Air'],2025-02-13,2025-02-14,Harford,Incident Closed-Managed,,2025-10-30
982,333671,['Smoke'],2025-02-13,2025-01-27,Allegany,Under Investigation,21502,
983,333670,['Noise Complaint'],2025-02-08,2025-02-08,Harford,Incident Closed - No further action,20723,2025-02-08
984,333668,"['Air Pollutant Release', 'Odor', 'Smoke']",2025-02-13,2024-12-30,Allegany,Under Investigation,21502,
985,333666,['Air'],2025-02-13,2025-02-13,Anne Arundel,Incident Not Applicable to MDE,21076,
986,333657,['Air'],2025-02-11,2025-02-11,Anne Arundel,Incident Not Applicable to MDE,21076,
987,333650,['Odor'],2025-02-06,2025-02-06,Worcester,Incident Closed-Managed,,2025-02-07
988,333646,['Air'],2025-02-06,2025-02-06,Harford,Incident Closed - No further action,21015,2025-02-06
989,333634,['Air'],2025-02-03,2025-02-03,Baltimore,Incident Closed-No Violation Observed,,2025-03-27
990,333630,['Air'],2025-02-03,2025-01-30,Harford,Referred to Outside Agency,,
991,333629,['Air'],2025-01-31,2025-01-31,Baltimore,Referred to Outside Agency,,
992,333626,['Odor'],2025-01-29,2025-01-27,Dorchester,Incident Closed - No further action,21835,2025-01-27
993,333625,['Odor'],2025-01-29,2025-01-24,Dorchester,Incident Closed - No further action,21835,2025-01-24
994,333624,['Odor'],2025-01-27,2025-01-27,St. Mary's,Incident Closed-Managed,,2025-01-31
995,333623,['Odor'],2025-01-27,2025-01-27,St. Mary's,Incident Closed-Managed,,2025-01-31
996,333622,['Odor'],2025-01-27,2025-01-27,St. Mary's,Incident Closed-Managed,,2025-01-31
997,333621,['Odor'],2025-01-27,2025-01-27,St. Mary's,Incident Closed-Managed,,2025-01-31
998,333620,['Odor'],2025-01-27,2025-01-27,St. Mary's,Incident Closed-Managed,,2025-01-31
999,333619,['Odor'],2025-01-27,2025-01-27,St. Mary's,Incident Closed-Managed,,2025-01-31
1000,333618,['Odor'],2025-01-27,2025-01-27,St. Mary's,Incident Closed-Managed,,2025-01-31
1001,333617,['Odor'],2025-01-27,2025-01-27,St. Mary's,Incident Closed-Managed,,2025-01-31
1002,333616,['Odor'],2025-01-27,2025-01-27,St. Mary's,Incident Closed-Managed,,2025-01-31
1003,333615,['Odor'],2025-01-23,2025-01-23,St. Mary's,Incident Closed-Managed,,2025-01-31
1004,333613,['Odor'],2025-01-24,2025-01-24,St. Mary's,Incident Closed-Managed,,2025-01-31
1005,333612,['Odor'],2025-01-22,2025-01-22,St. Mary's,Incident Closed-Managed,,2025-01-31
1006,333611,['Odor'],2025-01-21,2025-01-21,Baltimore,Incident Closed-Managed,,2025-01-31
1007,333610,['Odor'],2025-01-20,2025-01-20,Baltimore City,Incident Closed-Managed,,2025-01-31
1008,333609,['Odor'],2025-01-18,2025-01-18,Baltimore City,Incident Closed-Managed,,2025-01-31
1009,333608,['Odor'],2025-01-17,2025-01-17,Baltimore City,Incident Closed-Managed,,2025-01-31
1010,333607,['Fugitive Dust/Particulate Matter'],2025-01-09,2025-01-09,Baltimore City,Incident Closed-Managed,,2025-01-31
1011,333606,['Other'],2025-01-22,2025-01-22,Prince George's,Incident Closed-Managed,,2025-01-31
1012,333604,"['Agricultural', 'Air']",2025-01-29,2025-01-30,Harford,Referred to Outside Agency,,
1013,333597,"['Air', 'Fugitive Dust/Particulate Matter', 'Fumes', 'Noise Complaint']",2025-01-23,2025-01-23,Montgomery,Referred to Outside Agency,20814,
1014,333596,['Air'],2025-01-28,2025-01-28,Anne Arundel,Incident Closed-No Violation Observed,21114,2025-01-30
1015,333595,"['Air', 'Odor', 'Smoke']",2025-01-24,2025-01-24,Montgomery,Incident Closed - No further action,20905,2025-01-28
1016,323574,['Air'],2025-01-23,2025-01-23,Baltimore,Incident Closed - No further action,21230,2025-01-23
1017,323572,['Air'],2025-01-22,2025-01-22,Anne Arundel,Incident Closed-No Violation Observed,20764,2025-01-23
1018,323571,['Air'],2025-01-22,2025-01-21,Baltimore,Referred to ARA,21222,
1019,323570,['Air'],2025-01-22,2025-01-21,Baltimore,Referred to ARA,21222,
1020,323569,['Air'],2025-01-22,2025-01-21,Baltimore,Referred to ARA,21222,
1021,323563,['Smoke'],2025-01-16,2025-01-16,Allegany,Under Investigation,21502,
1022,323562,['Other'],2025-01-17,2025-01-17,Howard,Incident Closed-Managed,,2025-01-21
1023,323561,['Air'],2025-01-19,2025-01-19,Anne Arundel,Incident Closed-No Violation Observed,21060,2025-01-29
1024,323560,['Air'],2025-01-13,2025-01-13,Anne Arundel,Incident Closed-No Violation Observed,21037,2025-01-21
1025,323548,"['Air', 'Fumes', 'Odor']",2025-01-09,2025-01-09,Cecil,Incident Closed-Managed,21903,2025-02-10
1026,323546,"['Odor', 'Smoke']",2025-01-14,2025-01-14,Allegany,Under Investigation,21502,
1027,323540,['Air Pollutant Release'],2025-01-09,2025-01-08,Allegany,Referred to Outside Agency,21502,
1028,323535,['Odor'],2025-01-09,2025-01-04,Anne Arundel,Incident Closed-Managed,,2025-01-09
1029,323534,"['Odor', 'Smoke']",2025-01-07,2024-12-23,Allegany,Under Investigation,21502,
1030,323531,['Open Burning'],2025-01-02,2025-01-02,Washington,Referred to Outside Agency,21740,
1031,323530,['Coal Mining'],2024-12-27,2024-12-27,Allegany,Incident Closed - No further action,,2025-01-09
1032,323529,['Smoke'],2024-12-27,2024-12-27,Allegany,Incident Closed-No Violation Observed,21502,2025-05-09
1033,323528,['Other'],2025-01-05,2025-01-05,Prince George's,Incident Closed-Managed,20737,2025-01-08
1034,323527,['Other'],2024-12-08,2024-12-08,Prince George's,Incident Closed-Managed,20737,2025-01-08
1035,323523,['Odor'],2024-12-19,2024-12-19,Baltimore City,Incident Closed-Managed,,2025-01-07
1036,323522,['Odor'],2024-12-31,2024-12-31,Baltimore City,Incident Closed-Managed,,2025-01-07
1037,323521,['Odor'],2024-12-27,2024-12-27,Baltimore City,Incident Closed-Managed,,2025-01-07
1038,323520,['Air'],2025-01-06,2025-01-06,Baltimore City,Incident Closed-No Violation Observed,21226,2025-01-29
1039,323518,['Air'],2025-01-02,2025-01-02,Outside of Maryland,Incident Closed-No Violation Observed,,2025-01-06
1040,323516,['ARA AQCP non-regulated entity'],2025-01-02,2024-12-27,Dorchester,Incident Closed - No further action,,2024-12-27
1041,323516,['ARA AQCP non-regulated entity'],2025-01-02,2024-12-27,Dorchester,Incident Closed - No further action,,2024-12-27
1042,323515,['Other'],2024-12-30,2024-12-30,Prince George's,Incident Closed-Managed,,2024-12-31
1043,323514,['Other'],2024-12-30,2024-12-30,Prince George's,Incident Closed-Managed,,2024-12-31
1044,323513,['Other'],2024-12-30,2024-12-30,Prince George's,Incident Closed-Managed,,2024-12-31
1045,323512,['Other'],2024-12-30,2024-12-30,Prince George's,Incident Closed-Managed,,2024-12-31
1046,323509,['Air'],2024-12-28,2024-12-28,Anne Arundel,Incident Closed - No further action,21401,2025-05-12
1047,323508,['Other'],2024-12-23,2024-12-23,Prince George's,Incident Closed-Clean-up Completed,,2024-12-27
1048,323507,['Air'],2024-12-20,2024-12-20,Frederick,Incident Closed-No Violation Observed,21701,2024-12-30
1049,323506,['Air'],2024-12-20,2024-12-20,,Referred to Outside Agency,,
1050,323505,['Air'],2024-12-23,2024-12-23,Anne Arundel,Incident Closed-Managed,21226,2024-12-26
1051,323501,"['Air', 'Fugitive Dust/Particulate Matter', 'Other']",2024-12-19,2024-12-19,Carroll,Incident Closed - No further action,21157,2024-12-20
1052,323499,['Other'],2024-12-10,2024-12-10,Prince George's,Incident Closed-Managed,,2024-12-20
1053,313499,['Air'],2024-12-19,2024-12-19,Anne Arundel,Under Investigation,,
1054,313497,['Air'],2024-12-17,2024-12-17,Anne Arundel,Incident Closed-No Violation Observed,21226,2024-12-18
1055,313495,['Air'],2024-12-17,2024-12-17,Frederick,Incident Closed-No Violation Observed,21701,2024-12-30
1056,313494,['Air'],2024-12-16,2024-12-16,Anne Arundel,Incident Closed-No Violation Observed,21226,2024-12-18
1057,313493,['Air'],2024-12-14,2024-12-14,Anne Arundel,Incident Closed-No Violation Observed,21226,2024-12-18
1058,313492,['Air'],2024-12-14,2024-12-14,Anne Arundel,Incident Closed-No Violation Observed,21226,2024-12-18
1059,313488,['Smoke'],2024-12-13,2024-12-13,Wicomico,Incident Closed-No Violation Observed,21849,2024-12-17
1060,313486,['Smoke'],2024-12-12,2024-12-12,Baltimore,Incident Closed-Managed,,2024-12-13
1061,313485,['Odor'],2024-12-11,2024-12-11,Baltimore City,Incident Closed-Managed,,2024-12-13
1062,313484,['Odor'],2024-12-09,2024-12-09,Baltimore City,Incident Closed-Managed,,2024-12-13
1063,313480,['Odor'],2024-12-10,2024-12-10,Worcester,Incident Closed-No Violation Observed,21811,2024-12-12
1064,313472,['Odor'],2024-11-24,2024-11-24,Baltimore City,Incident Closed-Managed,,2024-12-10
1065,313471,['Odor'],2024-11-26,2024-11-26,Baltimore,Incident Closed-Managed,,2024-12-10
1066,313470,['ARA AQCP non-regulated entity'],2024-11-19,2024-11-19,Baltimore,Incident Closed - No further action,,2024-12-10
1067,313469,['Odor'],2024-11-19,2024-11-19,Baltimore City,Incident Closed-Managed,,2024-12-10
1068,313468,['Fugitive Dust/Particulate Matter'],2024-11-08,2024-11-08,Baltimore,Incident Closed-Managed,,2024-12-10
1069,313467,['Open Burning'],2024-11-07,2024-11-07,Calvert,Incident Closed-Managed,,2024-12-10
1070,313466,['Fugitive Dust/Particulate Matter'],2024-11-07,2024-11-07,Baltimore,Incident Closed-Managed,,2024-12-10
1071,313465,['ARA AQCP non-regulated entity'],2024-11-07,2024-11-07,Baltimore,Incident Closed - No further action,,2024-12-10
1072,313464,['Fugitive Dust/Particulate Matter'],2024-11-06,2024-11-06,Baltimore,Incident Closed-Managed,,2024-12-10
1073,313463,['Odor'],2024-11-13,2024-11-13,Baltimore City,Incident Closed-Managed,,2024-12-10
1074,313462,['Fugitive Dust/Particulate Matter'],2024-11-09,2024-11-09,Baltimore,Incident Closed-Managed,,2024-12-10
1075,313461,['ARA AQCP non-regulated entity'],2024-10-30,2024-10-30,Baltimore,Incident Closed-Managed,,2024-12-10
1076,313460,['Fugitive Dust/Particulate Matter'],2024-10-28,2024-10-28,Baltimore,Incident Closed-Managed,,2024-12-10
1078,313453,"['Air', 'Fugitive Dust/Particulate Matter']",2024-12-06,2024-12-06,Montgomery,Incident Closed-Managed,20814,2024-12-06
1079,313450,['Fugitive Dust/Particulate Matter'],2024-10-28,2024-10-28,Baltimore,Incident Closed-Managed,,2024-12-05
1080,313449,['Fugitive Dust/Particulate Matter'],2024-10-25,2024-10-25,Baltimore,Incident Closed-Managed,,2024-12-05
1081,313448,['Fugitive Dust/Particulate Matter'],2024-10-23,2024-10-23,Baltimore,Incident Closed-Managed,,2024-12-05
1082,313447,['Fugitive Dust/Particulate Matter'],2024-10-23,2024-10-23,Baltimore,Incident Closed-Managed,,2024-12-05
1083,313446,['Odor'],2024-10-23,2024-10-23,Baltimore City,Incident Closed-Managed,,2024-12-05
1084,313445,"['Air', 'Other']",2024-12-04,2024-12-04,Montgomery,Incident Closed - No further action,,2024-12-05
1085,313444,['Fugitive Dust/Particulate Matter'],2024-10-18,2024-10-18,Baltimore,Incident Closed-Managed,,2024-12-05
1086,313443,['Odor'],2024-10-13,2024-10-13,Baltimore City,Incident Closed-Managed,,2024-12-05
1087,313442,['Odor'],2024-10-04,2024-10-04,Baltimore,Incident Closed-Managed,,2024-12-05
1088,313441,['Odor'],2024-10-03,2024-10-03,Baltimore City,Incident Closed-Managed,,2024-12-05
1089,313440,['Odor'],2024-10-03,2024-10-03,Baltimore,Incident Closed-Managed,,2024-12-05
1090,313438,['Smoke'],2024-10-03,2024-10-03,Baltimore,Incident Closed-Managed,21228,2024-12-05
1091,313437,['Odor'],2024-10-02,2024-10-02,Baltimore City,Incident Closed-Managed,,2024-12-05
1092,313424,['Air'],2024-12-04,2024-12-04,Anne Arundel,Incident Closed - No further action,21114,2024-12-09
1093,313423,"['Air', 'Fugitive Dust/Particulate Matter']",2024-12-02,2024-12-02,Cecil,Incident Closed-Managed,21901,2024-12-04
1094,313422,"['Air', 'Fugitive Dust/Particulate Matter']",2024-12-02,2024-12-02,Cecil,Incident Closed-Managed,21901,2024-12-04
1095,313416,['Open Burning'],2024-11-27,2024-11-26,Wicomico,Incident Closed-Managed,21801,2024-11-27
1096,313413,['Other'],2024-11-14,2024-11-14,Allegany,Incident Closed - No further action,21502,2024-11-22
1097,313411,['Odor'],2024-11-08,2024-11-08,Allegany,Referred to Outside Agency,21501,
1098,303409,['Air'],2024-11-21,2024-11-21,Baltimore,Incident Closed-No Violation Observed,,2024-11-21
1099,303408,['Air'],2024-11-19,2024-11-19,Anne Arundel,Incident Closed-Managed,21113,2024-12-04
1100,303399,['Air'],2024-11-19,2024-11-19,Anne Arundel,Incident Closed-Managed,21226,2024-12-12
1101,303398,['Air'],2024-11-18,2024-11-18,Anne Arundel,Incident Closed-Managed,21226,2024-12-12
1102,303395,"['Air', 'Fugitive Dust/Particulate Matter']",2024-11-13,2024-11-13,Montgomery,Incident Closed-Managed,20837,2024-11-19
1103,303394,"['Air', 'Fugitive Dust/Particulate Matter', 'Odor']",2024-11-14,2024-11-04,Montgomery,Referred to Outside Agency,20850,
1104,303394,"['Air', 'Fugitive Dust/Particulate Matter', 'Odor']",2024-11-14,2024-11-04,Montgomery,Referred to Outside Agency,20850,
1105,303393,"['Air', 'Fugitive Dust/Particulate Matter']",2024-11-14,2024-11-06,Montgomery,Referred to Outside Agency,20850,
1106,303393,"['Air', 'Fugitive Dust/Particulate Matter']",2024-11-14,2024-11-06,Montgomery,Referred to Outside Agency,20850,
1107,303390,['Odor'],2024-11-19,2024-11-15,Cecil,Incident Closed - No further action,21921,2024-11-19
1108,303389,['Smoke'],2024-11-15,2024-11-15,Cecil,Incident Closed-Managed,21921,2024-11-19
1109,303384,['Other'],2024-11-13,2024-11-13,Prince George's,Incident Closed-Managed,,2024-11-15
1110,303373,['Air'],2024-11-04,2024-11-04,Anne Arundel,Incident Closed - No further action,21146,2024-11-12
1111,303372,['Air'],2024-11-04,2024-11-04,Anne Arundel,Incident Closed-Managed,21226,2024-11-13
1112,303371,['Air'],2024-11-07,2024-11-07,Anne Arundel,Incident Closed-Managed,21226,2024-11-13
1113,303370,['Air'],2024-11-08,2024-11-08,Anne Arundel,Incident Closed-Managed,21226,2024-11-14
1114,303369,['Odor'],2024-11-11,2024-11-12,Baltimore City,Incident Closed-Managed,21226,2024-11-13
1115,303366,"['Air', 'Other']",2024-10-29,2024-10-29,Montgomery,Incident Closed-Managed,20877,2024-11-08
1116,303365,"['Air', 'Fugitive Dust/Particulate Matter']",2024-11-06,2024-11-06,Montgomery,Referred to Outside Agency,20874,
1117,303364,"['Air', 'Fugitive Dust/Particulate Matter']",2024-11-08,2024-11-03,Montgomery,Referred to Outside Agency,20896,
1118,303363,"['Air', 'Open Burning']",2024-11-01,2024-10-31,Carroll,Referred to Outside Agency,21784,
1120,303361,"['Air', 'Other']",2024-10-30,2024-10-30,Anne Arundel,Referred to Outside Agency,21061,
1121,303353,['Other'],2024-10-21,2024-10-21,Washington,Incident Closed-No Violation Observed,21742,2024-11-07
1122,303337,['Air'],2024-10-31,2024-10-31,Anne Arundel,Incident Closed - No further action,,2024-11-13
1123,303320,['Air'],2024-10-27,2024-10-27,Frederick,Incident Closed-Managed,21769,2024-10-29
1124,303318,['Air'],2024-10-29,2024-10-29,Frederick,Incident Closed - No further action,21783,2024-12-12
1125,303314,['Air'],2024-10-28,2024-10-28,Anne Arundel,Incident Closed - No further action,21037,2025-08-27
1126,303302,['Other'],2024-10-22,2024-10-22,Prince George's,Incident Closed-Managed,,2024-11-22
1127,303298,['Air'],2024-10-23,2024-10-23,Frederick,Incident Closed-Managed,21769,2024-10-23
1128,303297,['Air'],2024-10-22,2024-10-22,Frederick,Incident Closed - No further action,21701,2024-10-24
1129,303295,['Air'],2024-10-21,2024-10-21,Anne Arundel,Incident Closed-No Violation Observed,,2024-10-23
1130,303293,['Air'],2024-10-21,2024-10-21,Frederick,Incident Closed-Managed,21769,2024-10-23
1131,303292,['Air'],2024-10-21,2024-10-21,Anne Arundel,Incident Closed-No Violation Observed,21061,2024-10-23
1132,303289,['Other'],2024-10-18,2024-10-18,Prince George's,Incident Closed-Managed,,2024-11-22
1133,303288,['Fugitive Dust/Particulate Matter'],2024-10-17,2024-10-17,Talbot,Incident Closed-No Violation Observed,21601,2024-10-21
1134,293289,['Air'],2024-10-16,2024-10-16,Frederick,Incident Closed-Managed,21769,2024-10-23
1135,293288,['Other'],2024-10-16,2024-08-21,Worcester,Incident Closed-Managed,21811,2024-10-18
1136,293283,['Air'],2024-10-15,2024-10-15,Baltimore,Incident Closed-Managed,21220,2024-10-18
1137,293282,['Air'],2024-10-15,2024-10-15,Anne Arundel,Incident Closed-Managed,21144,2024-10-23
1138,293276,['Air'],2024-10-11,2024-10-11,Anne Arundel,Incident Closed-No Violation Observed,21061,2024-10-15
1139,293274,['Odor'],2024-10-15,2024-10-08,Howard,Incident Closed - No further action,,2024-10-15
1140,293265,['Other'],2024-10-09,2024-10-09,Allegany,Incident Closed - No further action,21502,2025-01-24
1141,293262,['Fugitive Dust/Particulate Matter'],2024-10-11,2024-10-10,Talbot,Incident Closed-Managed,21601,2024-10-10
1142,293260,['Other'],2024-10-07,2024-10-07,Prince George's,Incident Closed-Managed,,2024-10-11
1143,293252,['Air'],2024-10-07,2024-10-07,Anne Arundel,Incident Closed - No further action,21076,2024-10-07
1144,293250,['Other'],2024-10-05,2024-10-05,Prince George's,Incident Closed-Managed,,2024-10-07
1145,293249,['Other'],2024-10-03,2024-10-03,Prince George's,Incident Closed-Managed,,2024-10-07
1146,293247,['Odor'],2024-09-26,2024-09-26,Dorchester,Incident Closed - No further action,21835,2024-09-26
1147,293246,['Odor'],2024-09-13,2024-09-13,Dorchester,Incident Closed - No further action,21835,2024-09-13
1148,293245,['Odor'],2024-08-22,2024-08-22,Dorchester,Incident Closed - No further action,21835,2024-08-22
1149,293239,['Air'],2024-10-03,2024-10-03,Anne Arundel,Incident Closed-No Violation Observed,21701,2024-11-20
1150,293238,['Air'],2024-10-03,2024-10-03,Anne Arundel,Incident Closed-Managed,21060,2024-10-08
1151,293237,['Air'],2024-09-12,2024-09-12,Harford,Incident Closed-Managed,,2024-10-04
1152,293231,['Odor'],2024-09-30,2024-09-30,Baltimore City,Incident Closed-Managed,,2024-10-02
1153,293230,['ARA AQCP non-regulated entity'],2024-09-26,2024-09-26,Baltimore,Incident Closed-Managed,,2024-10-02
1154,293229,['Fugitive Dust/Particulate Matter'],2024-09-24,2024-09-24,Baltimore City,Incident Closed-Managed,,2024-10-02
1155,293228,['Fugitive Dust/Particulate Matter'],2024-09-23,2024-09-23,Baltimore,Incident Closed-Managed,,2024-10-02
1156,293227,['Odor'],2024-09-23,2024-09-23,Baltimore City,Incident Closed-Managed,,2024-10-02
1157,293226,['Odor'],2024-09-20,2024-09-20,Baltimore City,Incident Closed-Managed,,2024-10-04
1158,293225,['Fugitive Dust/Particulate Matter'],2024-09-17,2024-09-17,Baltimore,Incident Closed-Managed,,2024-10-02
1159,293224,['Fugitive Dust/Particulate Matter'],2024-09-16,2024-09-16,Baltimore,Incident Closed-Managed,,2024-10-02
1160,293220,['Odor'],2024-09-15,2024-09-15,Baltimore City,Incident Closed-Managed,,2024-10-02
1161,293219,['Odor'],2024-09-14,2024-09-14,Baltimore City,Incident Closed-Managed,,2024-10-02
1162,293218,['Fugitive Dust/Particulate Matter'],2024-09-12,2024-09-12,Baltimore,Incident Closed-Managed,,2024-10-02
1163,293217,['Other'],2024-09-12,2024-09-12,Baltimore,Incident Closed - No further action,,2024-10-02
1164,293216,['Odor'],2024-09-10,2024-09-10,Baltimore City,Incident Closed-Managed,,2024-10-01
1165,293215,['Other'],2024-09-09,2024-09-09,Baltimore,Incident Closed - No further action,,2024-10-01
1166,293214,['ARA AQCP non-regulated entity'],2024-09-09,2024-09-09,Baltimore,Incident Closed - No further action,,2024-10-01
1167,293213,['Odor'],2024-08-30,2024-08-30,Baltimore City,Incident Closed-Managed,,2024-10-01
1168,293212,['Odor'],2024-08-29,2024-08-29,Baltimore City,Incident Closed-Managed,,2024-10-01
1169,293210,['Odor'],2024-08-15,2024-08-15,Anne Arundel,Incident Closed-Managed,,2024-10-01
1170,293209,['Odor'],2024-08-15,2024-08-15,Anne Arundel,Incident Closed-Managed,,2024-10-01
1171,293208,['Odor'],2024-08-15,2024-08-15,Anne Arundel,Incident Closed-Managed,,2024-10-01
1172,293207,['Odor'],2024-08-06,2024-08-06,Baltimore City,Incident Closed - No further action,,2024-10-01
1173,293205,['Odor'],2024-07-26,2024-07-26,Baltimore City,Incident Closed-Managed,,2024-10-01
1174,293204,['Odor'],2024-07-23,2024-07-23,Baltimore City,Incident Closed-Managed,,2024-10-01
1175,293203,['Odor'],2024-07-22,2024-07-22,Baltimore City,Incident Closed-Managed,,2024-10-01
1176,293182,['Air'],2024-09-19,2024-09-19,Anne Arundel,Incident Closed-No Violation Observed,,2024-09-19
1177,293179,['Odor'],2024-09-20,2024-09-20,Caroline,Incident Not Applicable to MDE,21636,
1178,293176,['Other'],2024-09-18,2024-09-18,Prince George's,Incident Closed-Managed,,2024-09-20
1179,293175,['Fugitive Dust/Particulate Matter'],2024-09-12,2024-09-12,Baltimore,Incident Closed-Managed,,2024-09-20
1180,293174,['Open Burning'],2024-09-13,2024-09-12,Allegany,Referred to Outside Agency,21545,
1181,283166,['Other'],2024-09-13,2024-09-13,Prince George's,Incident Closed-Managed,,2024-09-18
1182,283164,['Air'],2024-09-16,2024-09-16,Anne Arundel,Incident Closed-No Violation Observed,21037,2024-09-30
1183,283162,['Fugitive Dust/Particulate Matter'],2024-09-06,2024-09-06,Washington,Incident Closed-Managed,21740,2024-11-07
1184,283161,['Fugitive Dust/Particulate Matter'],2024-09-05,2024-08-29,Washington,Incident Closed-Managed,21740,2024-11-07
1185,283159,['Fugitive Dust/Particulate Matter'],2024-09-05,2024-09-05,Washington,Incident Closed-Managed,21740,2024-11-07
1187,283157,['Air'],2024-09-16,2024-09-16,Prince George's,Incident Closed-Managed,20740,2024-09-17
1188,283156,['Fugitive Dust/Particulate Matter'],2024-09-17,2024-09-16,Caroline,Incident Closed-No Violation Observed,21632,2024-09-18
1189,283151,['Air'],2024-09-12,,Harford,Incident Closed-Managed,,2024-09-17
1190,283150,['Odor'],2024-09-12,2024-09-12,Baltimore City,Incident Closed-Managed,,2024-09-17
1191,283149,"['Air', 'Asbestos Complaint', 'Fugitive Dust/Particulate Matter']",2024-09-03,2024-07-30,Montgomery,Incident Closed-Managed,20837,2024-11-19
1192,283148,"['Air', 'Odor']",2024-09-05,2024-08-22,Montgomery,Referred to Outside Agency,20910,
1193,283147,"['Air', 'Odor', 'Other']",2024-09-04,2024-09-04,Montgomery,Referred to Outside Agency,20906,
1194,283141,['Air'],2024-09-16,2024-09-16,Baltimore City,Incident Closed-Managed,21226,2024-11-20
1195,283136,['Other'],2024-09-11,2024-09-11,Howard,Incident Closed-Managed,,2024-09-13
1196,283135,['Other'],2024-09-11,2024-09-11,Howard,Incident Closed-Managed,,2024-09-13
1197,283134,['Other'],2024-09-11,2024-09-11,Howard,Incident Closed-Managed,,2024-09-13
1198,283133,['Other'],2024-09-10,2024-09-10,Howard,Incident Closed-Managed,,2024-09-13
1199,283132,['Other'],2024-09-06,2024-09-06,Prince George's,Incident Closed-Managed,20722,2024-09-13
1200,283131,['Other'],2024-09-05,2024-09-05,Howard,Incident Closed-Managed,21075,2024-09-13
1201,283130,['Odor'],2024-09-13,2024-09-11,Howard,Incident Closed - No further action,21044,2024-09-13
1202,283129,['Odor'],2024-09-13,2024-09-11,Howard,Incident Closed - No further action,21044,2024-09-13
1203,283127,['Air'],2024-09-11,2024-09-11,Anne Arundel,Incident Closed-No Violation Observed,21401,2024-09-12
1204,283107,['Air'],2024-09-09,2024-09-09,Anne Arundel,Incident Closed - No further action,21037,2024-09-09
1205,283094,['Odor'],2024-09-05,2024-09-02,Anne Arundel,Incident Closed-No Violation Observed,21122,2024-09-05
1206,283092,['Air'],2024-09-05,2024-09-05,Anne Arundel,Incident Closed-No Violation Observed,21090,2024-09-12
1207,283080,['Air'],2024-09-03,2024-09-03,Anne Arundel,Incident Closed-No Violation Observed,,2024-09-09
1208,283079,['Air'],2024-09-03,2024-08-29,Frederick,Incident Closed - No further action,,2024-09-06
1209,283078,['Air'],2024-09-03,2024-08-30,Anne Arundel,Incident Closed-No Violation Observed,,2024-09-11
1210,283073,['Other'],2024-08-29,2024-08-29,Prince George's,Incident Closed-Managed,20781,2024-08-30
1211,283072,['Other'],2024-08-15,2024-08-15,Prince George's,Incident Closed-Managed,20737,2024-09-20
1213,283061,['Air'],2024-08-28,2024-08-28,Anne Arundel,Incident Closed-No Violation Observed,,2024-08-28
1214,283060,['Air'],2024-08-28,2024-08-28,Anne Arundel,Incident Closed - No further action,21061,2024-08-28
1215,283059,['Air'],2024-08-27,2024-08-27,Frederick,Incident Closed-No Violation Observed,,2024-09-03
1216,283056,['Smoke'],2024-08-27,2024-08-27,Allegany,Referred to Outside Agency,26753,
1217,283055,['Air'],2024-08-27,2024-08-27,Frederick,Incident Closed-Managed,21757,2024-08-28
1218,283053,['Oil Release/Spill (Surface)'],2024-08-26,2024-08-26,Allegany,Referred to LMA,21502,
1219,283052,['Odor'],2024-08-22,2024-08-22,Dorchester,Referred to ARA,21835,
1220,283051,['Air'],2024-08-23,2024-08-23,Anne Arundel,Incident Closed - No further action,21144,2024-08-27
1221,283050,['Air'],2024-08-23,2024-08-23,Anne Arundel,Incident Closed - No further action,,2024-08-28
1222,283041,['Air'],2024-08-12,2024-08-12,Harford,Referred to Outside Agency,,
1223,273030,['Air'],2024-08-21,2024-08-21,Frederick,Incident Closed-No Violation Observed,,2024-08-22
1224,273007,['Air'],2024-08-12,2024-08-12,Montgomery,Referred to Outside Agency,20910-484,
1225,272998,['Other'],2024-08-07,2024-08-07,Howard,Incident Closed-Managed,,2024-08-12
1226,272992,"['Air', 'Open Burning', 'Smoke']",2024-08-06,2024-08-06,Cecil,Referred to LMA,21921,
1227,272991,['Odor'],2024-08-02,2024-08-02,Baltimore,Incident Closed-Managed,,2024-08-09
1228,272989,['Smoke'],2024-07-30,2024-07-31,Baltimore,Incident Closed-Managed,21228,2024-08-09
1229,272987,['Air'],2024-08-08,2024-08-08,Frederick,Incident Closed-No Violation Observed,,2024-08-09
1230,272986,['Odor'],2024-08-07,2024-08-05,Baltimore City,Incident Closed - No further action,21226,2024-08-05
1231,272976,['Air'],2024-07-29,2024-07-29,Charles,Incident Closed-Managed,20695,2024-08-07
1232,272972,['Odor'],2024-07-27,2024-07-27,Dorchester,Incident Closed - No further action,21835,2024-07-27
1233,272971,['Odor'],2024-07-20,2024-07-20,Dorchester,Incident Closed - No further action,21835,2024-07-20
1234,272970,['Odor'],2024-07-20,2024-07-20,Dorchester,Incident Closed - No further action,21835,2024-07-20
1235,272969,['Other'],2024-08-02,2024-08-02,Howard,Incident Closed-Managed,,2024-08-05
1236,272966,['Other'],2024-07-30,2024-07-30,Allegany,Incident Closed-Managed,21542,2024-10-18
1237,272963,['Odor'],2024-08-01,2024-08-01,Allegany,Incident Closed-No Violation Observed,21502,2024-10-16
1238,272962,['Oil Release/Spill'],2024-07-24,2024-07-24,Garrett,Incident Closed - No further action,,2024-08-05
1239,272958,"['Air', 'Odor', 'Open Burning', 'Smoke']",2024-08-01,2024-08-01,Cecil,Referred to Outside Agency,21921,
1240,272954,['Other'],2024-08-02,2024-08-02,Prince George's,Incident Closed-Managed,20748,2024-08-02
1241,272943,"['Air', 'Odor']",2024-07-30,2024-07-30,Montgomery,Referred to Outside Agency,20910,
1242,272937,"['Air', 'Other']",2024-07-26,2024-07-15,Carroll,Referred to WMA,21158,
1243,272935,['Air'],2024-07-26,2024-07-11,Montgomery,Referred to Outside Agency,20850,
1244,272935,['Air'],2024-07-26,2024-07-11,Montgomery,Referred to Outside Agency,20850,
1245,272933,['Other'],2024-07-26,2024-07-24,Prince George's,Incident Closed-Managed,,2024-07-26
1246,272916,['Open Burning'],2024-07-12,2024-07-12,Allegany,Referred to Outside Agency,21545,
1247,272915,['Asbestos Complaint'],2024-07-11,2024-07-11,Allegany,Referred to ARA,21540-109,
1248,272913,['Odor'],2024-07-11,2024-07-11,St. Mary's,Incident Closed-Managed,,2024-07-22
1249,272901,"['Air', 'Fugitive Dust/Particulate Matter']",2024-07-10,2024-07-10,Cecil,Incident Closed-Managed,21918,2024-07-18
1250,272897,['Air'],2024-07-16,2024-07-16,Anne Arundel,Incident Closed - No further action,21037,2024-07-24
1251,272880,['Air'],2024-07-15,2024-06-19,Washington,Incident Closed - No further action,,2024-07-15
1252,262877,['Air'],2024-07-11,2024-07-11,St. Mary's,Incident Closed-Managed,,2024-07-15
1253,252880,"['Air', 'Other']",2024-07-09,2024-07-09,Montgomery,Referred to Outside Agency,20910-484,
1254,252879,"['Air', 'Odor']",2024-07-09,2024-07-09,Carroll,Referred to Outside Agency,21158,
1255,252877,['Air'],2024-07-09,2024-07-09,Anne Arundel,Incident Closed-No Violation Observed,20764,2024-07-10
1256,252874,['Odor'],2024-07-09,2024-07-09,Baltimore City,Incident Closed-Managed,,2024-07-09
1257,252873,['Odor'],2024-07-02,2024-07-02,Baltimore City,Incident Closed-Managed,,2024-07-09
1258,252872,['Odor'],2024-06-28,2024-06-28,Baltimore City,Incident Closed-Managed,,2024-07-09
1259,252871,['Air'],2024-06-25,2024-06-25,Baltimore,Incident Closed-Managed,,2024-07-09
1260,252870,['Odor'],2024-06-18,2024-06-18,Baltimore,Incident Closed-Managed,,2024-07-09
1261,252869,['Odor'],2024-06-16,2024-06-16,Baltimore City,Incident Closed-Managed,,2024-07-09
1262,252868,['ARA AQCP non-regulated entity'],2024-06-14,2024-06-14,Baltimore,Incident Closed - No further action,,2024-07-09
1263,252867,['Fugitive Dust/Particulate Matter'],2024-06-13,2024-06-13,Baltimore City,Incident Closed-Managed,,2024-07-09
1264,252866,['Odor'],2024-06-05,2024-06-05,Baltimore City,Incident Closed-Managed,,2024-07-09
1265,252864,['Fugitive Dust/Particulate Matter'],2024-07-08,2024-07-08,Allegany,Incident Closed-Managed,21540-109,2024-09-23
1266,252862,['Abandoned Drums/Tanks'],2024-07-08,2024-07-08,Allegany,Referred to LMA,21501,
1267,252861,['Air'],2024-07-02,2024-07-02,Anne Arundel,Incident Closed-No Violation Observed,21060,2024-07-03
1268,252847,['Other'],2024-07-03,2024-07-03,Prince George's,Incident Closed-Managed,,2024-07-05
1269,252846,['Other'],2024-07-02,2024-07-02,Prince George's,Incident Closed-Managed,20785,2024-07-05
1270,252844,['Fugitive Dust/Particulate Matter'],2024-07-01,2024-06-29,Allegany,Incident Closed-Managed,21540-109,2024-09-23
1271,252842,"['Noise Complaint', 'Other']",2024-06-27,2024-06-27,Washington,Referred to Outside Agency,21783,
1272,252839,['Odor'],2024-06-04,2024-06-04,Baltimore City,Incident Closed-Managed,,2024-07-03
1273,252838,['Odor'],2024-06-01,2024-06-01,Baltimore City,Incident Closed-Managed,,2024-07-03
1274,252837,['Odor'],2024-05-26,2024-05-26,Baltimore City,Incident Closed-Managed,,2024-07-03
1275,252836,['Fugitive Dust/Particulate Matter'],2024-05-23,2024-05-23,Baltimore,Incident Closed-Managed,,2024-07-03
1276,252835,['Odor'],2024-05-22,2024-05-22,Baltimore,Incident Closed-Managed,,2024-07-03
1277,252834,['Odor'],2024-05-17,2024-05-17,Baltimore City,Incident Closed-Managed,,2024-07-03
1278,252833,['Odor'],2024-05-16,2024-05-16,Baltimore City,Incident Closed-Managed,,2024-07-03
1279,252823,['Air'],2024-06-28,2024-06-28,Anne Arundel,Incident Closed-No Violation Observed,21060,2024-07-03
1280,252815,['Air'],2024-06-26,2024-06-25,Frederick,Referred to Outside Agency,21788,
1281,252814,['Air'],2024-06-19,2024-06-19,Anne Arundel,Incident Closed-No Violation Observed,,2024-06-26
1282,252810,['Fugitive Dust/Particulate Matter'],2024-06-25,2024-06-24,Talbot,Incident Closed-Managed,,2024-06-28
1283,252806,"['Groundwater Contamination', 'Oil Release/Spill (Surface)', 'Open Burning', 'Other']",2024-06-14,2024-06-14,Allegany,Referred to Outside Agency,21502,
1284,252804,['Air'],2024-06-20,2024-06-20,Carroll,Incident Closed - No further action,21771,2024-06-21
1285,252802,['Other'],2024-06-20,2024-06-20,Prince George's,Incident Closed-Managed,20737,2024-06-21
1286,252801,['Other'],2024-06-18,2024-06-18,Prince George's,Incident Closed-Managed,20781,2024-08-12
1287,252800,['Other'],2024-06-14,2024-06-14,Prince George's,Incident Closed-Managed,,2024-06-21
1288,252799,['Air'],2024-06-20,,Harford,Incident Closed-No Violation Observed,,2024-06-25
1289,252793,['Fugitive Dust/Particulate Matter'],2024-06-18,,Harford,Incident Closed-Managed,,2024-06-25
1290,252786,['Odor'],2024-06-17,2024-06-12,Prince George's,Incident Closed-Managed,,2024-10-21
1291,252772,['Noise Complaint'],2024-05-16,2024-05-16,Washington,Referred to Outside Agency,21783,
1292,252770,['Air'],2024-06-10,2024-06-10,Anne Arundel,Incident Closed-No Violation Observed,21060,2024-06-13
1293,252769,['Air'],2024-06-10,2024-06-10,Anne Arundel,Incident Closed-No Violation Observed,21060,2024-06-13
1294,252768,['Air'],2024-06-10,2024-06-10,Anne Arundel,Incident Closed-No Violation Observed,21060,2024-06-13
1295,252767,['Air'],2024-06-10,2024-06-10,Anne Arundel,Incident Closed-No Violation Observed,21060,2024-06-13
1296,252761,['Other'],2024-06-12,2024-06-12,Prince George's,Incident Closed-Managed,,2024-06-12
1297,252760,['Other'],2024-06-11,2024-06-11,Howard,Incident Closed-Managed,,2024-06-11
1298,252759,['Air'],2024-06-11,2024-06-11,Frederick,Referred to Attorney General's Office,21757,
1299,252758,"['Odor', 'Smoke']",2024-06-12,2024-05-26,Worcester,Referred to Outside Agency,21863,
1300,252757,"['Odor', 'Open Burning', 'Smoke']",2024-06-12,2024-05-29,Worcester,Referred to Outside Agency,21863,
1301,252756,"['Odor', 'Smoke']",2024-06-12,2024-05-28,Worcester,Referred to Outside Agency,21863,
1302,252752,['Air'],2024-06-11,2024-06-10,Frederick,Referred to Attorney General's Office,21757,
1303,252720,['Fugitive Dust/Particulate Matter'],2024-06-04,2024-06-04,Kent,Incident Closed-No Violation Observed,21620,2024-06-05
1304,252718,"['Odor', 'Smoke']",2024-06-03,2024-05-20,Worcester,Incident Closed-Managed,21863,2024-06-14
1305,252717,"['Fugitive Dust/Particulate Matter', 'Odor']",2024-06-03,2024-05-16,Worcester,Incident Closed - No further action,21863,2024-09-09
1306,252716,['Fumes'],2024-06-03,2024-05-21,Worcester,Incident Closed-Managed,21863,2024-06-14
1307,252712,['Air'],2024-05-31,2024-05-31,Frederick,Incident Closed-No Violation Observed,21788,2024-06-11
1308,252711,['Air'],2024-05-23,2024-05-23,Frederick,Referred to Attorney General's Office,21757,
1309,252711,['Air'],2024-05-23,2024-05-23,Frederick,Referred to Attorney General's Office,21757,
1310,252710,['Air'],2024-05-22,2024-05-22,Frederick,Referred to Attorney General's Office,21757,
1311,252710,['Air'],2024-05-22,2024-05-22,Frederick,Referred to Attorney General's Office,21757,
1312,252697,['Other'],2024-05-28,2024-05-29,Prince George's,Incident Closed-Managed,,2024-05-29
1313,252696,['Odor'],2024-05-28,2024-05-26,Worcester,Referred to Outside Agency,21863,
1314,252695,['Odor'],2024-05-20,2024-05-20,Dorchester,Incident Closed - No further action,21835,2024-05-20
1315,252691,"['Air', 'Odor']",2024-05-21,2024-05-21,Carroll,Referred to Outside Agency,21784,
1316,242688,['Odor'],2024-05-20,2024-05-17,Worcester,Incident Closed-No Violation Observed,21811,2024-05-21
1317,242682,['Other'],2024-05-20,2024-05-20,Prince George's,Incident Closed-Managed,,2024-05-22
1318,242681,['Other'],2024-05-15,2024-05-15,Prince George's,Incident Closed-Managed,,2024-05-22
1319,242675,['Odor'],2024-04-23,2024-04-22,Prince George's,Incident Closed-Managed,20743,2024-10-21
1320,242674,['Smoke'],2024-05-21,2024-04-19,Prince George's,Incident Closed-Managed,20743,2024-10-21
1321,242664,['Other'],2024-05-14,2024-05-14,Prince George's,Incident Closed-Managed,,2024-05-17
1322,242663,['Odor'],2024-05-16,2024-05-16,Worcester,Referred to Outside Agency,21863,
1323,242661,['Air'],2024-05-15,2024-05-15,Anne Arundel,Incident Closed - No further action,20724,2024-05-16
1324,242656,['Odor'],2024-05-10,2024-05-10,Baltimore City,Incident Closed-Managed,,2024-05-14
1325,242655,['Odor'],2024-05-06,2024-05-06,Baltimore City,Incident Closed-Managed,,2024-05-14
1326,242654,['Fugitive Dust/Particulate Matter'],2024-05-01,2024-05-01,Baltimore City,Incident Closed-Managed,,2024-05-14
1327,242653,['Fugitive Dust/Particulate Matter'],2024-04-30,2024-04-30,Baltimore City,Incident Closed-Managed,,2024-05-14
1328,242652,['Odor'],2024-04-26,2024-04-26,Baltimore City,Incident Closed-Managed,,2024-05-14
1329,242651,['Odor'],2024-04-24,2024-04-24,Baltimore City,Incident Closed-Managed,,2024-05-14
1330,242650,['Fugitive Dust/Particulate Matter'],2024-04-22,2024-04-22,Baltimore City,Incident Closed-Managed,,2024-05-14
1331,242648,['Odor'],2024-04-09,2024-04-09,Baltimore City,Incident Closed-Managed,,2024-05-14
1332,242647,['Odor'],2024-04-14,2024-04-14,Baltimore City,Incident Closed-Managed,,2024-05-14
1333,242640,"['Air', 'Odor']",2024-05-07,2024-05-07,Talbot,Incident Closed-Managed,21673,2024-05-08
1334,242639,['Asbestos Complaint'],2024-05-10,2024-05-10,Allegany,Referred to ARA,21502,
1335,242638,['Water Pollutant Release'],2024-05-08,2024-05-08,Washington,Referred to WMA,,
1336,242635,['Fugitive Dust/Particulate Matter'],2024-04-11,2024-04-11,Baltimore City,Incident Closed-Managed,,2024-05-10
1337,242634,['Odor'],2024-04-11,2024-04-11,Baltimore City,Incident Closed-Managed,,2024-05-10
1338,242633,['Fugitive Dust/Particulate Matter'],2024-05-07,2024-05-07,Talbot,Incident Closed-No Violation Observed,21673,2024-05-08
1339,242633,['Fugitive Dust/Particulate Matter'],2024-05-07,2024-05-07,Talbot,Incident Closed-No Violation Observed,,2024-05-08
1340,242629,['Air'],2024-05-07,2024-05-07,Anne Arundel,Incident Closed-No Violation Observed,,2024-05-10
1341,242626,['Odor'],2024-05-07,2024-05-07,Montgomery,Referred to WMA,20874,
1342,242622,['Odor'],2024-04-10,2024-04-10,Baltimore City,Incident Closed-Managed,,2024-05-08
1343,242621,['Odor'],2024-04-08,2024-04-08,Baltimore City,Incident Closed-Managed,,2024-05-08
1344,242620,['Smoke'],2024-04-04,2024-04-04,Baltimore City,Incident Closed-Managed,,2024-05-08
1345,242602,"['Air', 'Odor', 'Open Burning']",2024-05-01,2024-05-01,Cecil,Referred to Outside Agency,21901,
1346,242600,"['Air', 'Odor']",2024-05-03,2024-05-03,Cecil,Referred to LMA,21911,
1347,242595,['Possible Permit Violation'],2024-04-23,2024-04-23,Washington,Incident Closed - No further action,21783,2024-07-03
1348,242585,['Smoke'],2024-04-23,2024-04-23,Allegany,Incident Closed-No Violation Observed,21540-109,2024-09-23
1349,242580,['Other'],2024-05-01,2024-05-01,Prince George's,Incident Closed-Managed,,2024-07-03
1350,242579,['Other'],2024-04-29,,Prince George's,Incident Closed-Managed,,2024-04-29
1351,242578,['Other'],2024-04-25,2024-05-25,Howard,Incident Closed-Managed,,2024-05-03
1352,242556,['Air'],2024-04-26,2024-04-26,Anne Arundel,Incident Closed-No Violation Observed,21122,2024-04-30
1353,242555,['Air'],2024-04-29,2024-04-29,Charles,Incident Closed - No further action,20695,2024-04-29
1354,242550,['Air'],2024-04-26,2024-04-26,Anne Arundel,Incident Closed-No Violation Observed,21037,2024-04-26
1355,242549,['Air'],2024-04-24,2024-04-24,Anne Arundel,Incident Closed-No Violation Observed,21122,2024-04-26
1356,242546,['Air'],2024-04-24,2024-04-24,Anne Arundel,Incident Closed-No Violation Observed,21060,2024-05-09
1357,242545,['Odor'],2024-04-24,2024-04-23,Worcester,Incident Closed-No Violation Observed,21811,2024-04-24
1358,242544,['Air'],2024-04-23,2024-04-23,Frederick,Incident Closed-No Violation Observed,21788,2024-04-25
1359,242543,['Air'],2024-04-19,2024-04-19,Frederick,Incident Closed-No Violation Observed,21788,2024-04-24
1360,242542,['Odor'],2024-04-23,2024-04-23,Dorchester,Incident Closed - No further action,21835,2024-04-23
1361,242533,['Air'],2024-04-19,2024-04-19,Anne Arundel,Incident Closed-No Violation Observed,21060,2024-05-09
1362,242532,['Other'],2024-04-16,2024-04-16,Prince George's,Incident Closed-Managed,,2024-11-22
1363,242530,['Other'],2024-04-16,2024-04-16,Prince George's,Incident Closed-Managed,,2024-04-19
1364,242524,"['Air', 'Open Burning', 'Smoke']",2024-04-15,2024-04-15,Cecil,Referred to LMA,21921,
1365,242508,['Air'],2024-04-13,2024-04-13,Anne Arundel,Incident Closed-Managed,21403,2024-04-16
1366,242507,['Air'],2024-04-15,2024-04-15,Frederick,Referred to Attorney General's Office,21757,
1367,242507,['Air'],2024-04-15,2024-04-15,Frederick,Referred to Attorney General's Office,21757,
1368,242506,['Air'],2024-04-15,2024-04-15,Frederick,Referred to Attorney General's Office,21757,
1369,242506,['Air'],2024-04-15,2024-04-15,Frederick,Referred to Attorney General's Office,21757,
1370,242504,['Other'],2024-04-12,2024-04-11,Prince George's,Incident Closed-Managed,,2024-04-15
1371,242503,['Other'],2024-04-11,2024-04-11,Prince George's,Incident Closed-Managed,,2024-04-15
1372,242502,['Other'],2024-04-11,2024-04-11,Prince George's,Incident Closed-Managed,,2024-04-15
1373,242500,['Other'],2024-04-11,2024-04-11,Prince George's,Incident Closed-Managed,,2024-04-15
1374,242499,['Other'],2024-04-11,2024-04-11,Prince George's,Incident Closed-Managed,,2024-04-15
1375,242498,['Other'],2024-04-08,2024-04-08,Prince George's,Incident Closed-Managed,,2024-04-15
1376,242497,['Other'],2024-04-08,2024-04-08,Prince George's,Incident Closed-Managed,20743,2024-04-12
1377,242496,['Other'],2024-04-08,2024-04-08,Prince George's,Incident Closed-Managed,20743,2024-04-12
1378,242495,['Other'],2024-04-08,2024-04-08,Prince George's,Incident Closed-Managed,20743,2024-04-12
1379,242494,['Other'],2024-04-08,2024-04-08,Prince George's,Incident Closed-Managed,20743,2024-04-12
1380,242493,['Other'],2024-04-08,2024-04-08,Prince George's,Incident Closed-Managed,20743,2024-04-12
1381,242492,['Other'],2024-04-08,2024-04-08,Prince George's,Incident Closed-Managed,20743,2024-04-12
1382,242491,['Other'],2024-04-08,2024-04-08,Prince George's,Incident Closed-Managed,20743,2024-04-12
1383,242490,['Other'],2024-04-08,2024-04-08,Prince George's,Incident Closed-Managed,20743,2024-04-12
1384,242489,['Other'],2024-04-08,2024-04-08,Prince George's,Incident Closed-Managed,20743,2024-04-12
1385,242488,['Other'],2024-04-08,2024-04-08,Prince George's,Incident Closed-Managed,20743,2024-04-12
1386,242487,['Other'],2024-04-08,2024-04-08,Prince George's,Incident Closed-Managed,20743,2024-04-12
1387,242486,['Other'],2024-04-08,2024-04-08,Prince George's,Incident Closed-Managed,20743,2024-04-12
1388,242484,['Fugitive Dust/Particulate Matter'],2024-04-11,2024-04-11,Worcester,Incident Closed-Managed,21851,2024-04-18
1389,242483,['Air'],2024-04-11,2024-04-11,Frederick,Referred to Attorney General's Office,21757,
1390,242482,['Air'],2024-04-10,2024-04-10,Charles,Referred to Outside Agency,20622,
1391,242479,['Air'],2024-03-28,2024-03-28,Baltimore,Incident Closed-Managed,21227,2024-04-11
1392,242478,['Air'],2024-04-10,2024-04-10,Baltimore,Incident Closed-Managed,21227,2024-04-11
1393,242477,['Air'],2024-04-03,2024-04-03,Baltimore,Incident Closed-Managed,21227,2024-04-30
1394,242476,['Odor'],2024-04-08,2024-04-09,Harford,Incident Closed-Managed,21040,2024-04-30
1395,242463,['Air'],2024-03-30,2024-03-30,Anne Arundel,Incident Closed - No further action,21146,2024-04-08
1396,242461,['Air'],2024-04-03,2024-04-03,Anne Arundel,Incident Closed-Managed,20711,2024-10-23
1397,242460,['Air'],2024-04-01,2024-04-01,Anne Arundel,Incident Closed-No Violation Observed,,2024-04-10
1398,242459,['Air'],2024-04-08,2024-04-01,Frederick,Referred to Attorney General's Office,21757,
1399,242458,['Air'],2024-04-04,2024-04-04,Anne Arundel,Incident Closed-No Violation Observed,21060,2024-04-10
1400,242456,['Suspected Operation without Permit'],2024-03-28,2024-03-28,Washington,Referred to Outside Agency,21783,
1401,242455,['Open Burning'],2024-03-26,2024-03-26,Allegany,Referred to Outside Agency,21502,
1402,242454,['Open Burning'],2024-03-25,2024-03-25,Garrett,Referred to Outside Agency,,
1403,242436,['Odor'],2024-04-01,2024-04-01,Baltimore,Incident Closed-Managed,,2024-04-03
1404,242435,['Odor'],2024-03-30,2024-03-30,Baltimore,Incident Closed-Managed,,2024-04-03
1405,242434,['Fugitive Dust/Particulate Matter'],2024-03-28,2024-03-28,Baltimore,Incident Closed-Managed,,2024-04-03
1406,242433,['Odor'],2024-03-27,2024-03-27,Baltimore City,Incident Closed-Managed,,2024-04-03
1407,242432,['Odor'],2024-03-25,2024-03-25,Baltimore City,Incident Closed-Managed,,2024-04-03
1408,242428,['Other'],2024-03-30,2024-03-30,Prince George's,Incident Closed-Managed,,2024-04-03
1409,242424,"['Air', 'Fugitive Dust/Particulate Matter']",2024-03-29,2024-03-29,Montgomery,Referred to Outside Agency,20817,
1410,242405,['Other'],2024-03-25,2024-03-25,Prince George's,Incident Closed-Managed,,2024-03-27
1411,242404,['Other'],2024-03-25,2024-03-25,Prince George's,Incident Closed-Managed,,2024-03-27
1412,242392,['Air'],2024-03-21,2024-03-21,Frederick,Under Investigation,21703,
1413,242390,['Smoke'],2024-03-18,2024-03-18,Baltimore City,Incident Closed-Managed,,2024-03-22
1414,242389,['Fugitive Dust/Particulate Matter'],2024-02-23,2024-02-23,Baltimore,Incident Closed-Managed,,2024-03-22
1415,242388,['Odor'],2024-02-23,2024-02-23,Baltimore City,Incident Closed-Managed,,2024-03-22
1416,242386,['Odor'],2024-03-14,2024-03-14,Baltimore City,Incident Closed-Managed,,2024-03-22
1417,242385,['Odor'],2024-03-04,2024-03-04,Baltimore City,Incident Closed-Managed,,2024-03-22
1418,242384,['Odor'],2024-03-09,2024-03-09,Baltimore City,Incident Closed-Managed,,2024-03-22
1419,242383,['Odor'],2024-03-08,2024-03-08,Baltimore City,Incident Closed-Managed,,2024-03-22
1420,242382,['Odor'],2024-03-05,2024-03-05,Baltimore City,Incident Closed-Managed,,2024-03-22
1421,242381,['Odor'],2024-03-04,2024-03-04,Baltimore City,Incident Closed-Managed,,2024-03-22
1422,242380,['Odor'],2024-03-01,2024-03-01,Baltimore City,Incident Closed-Managed,,2024-03-22
1423,242379,['Odor'],2024-02-29,2024-02-29,Baltimore City,Incident Closed-Managed,,2024-03-22
1424,242378,['Fugitive Dust/Particulate Matter'],2024-02-28,2024-02-28,Baltimore City,Incident Closed-Managed,,2024-03-22
1425,232384,['Odor'],2024-02-28,2024-02-28,Baltimore City,Incident Closed-Managed,,2024-03-21
1426,232383,['Fugitive Dust/Particulate Matter'],2024-02-28,2024-02-28,Baltimore City,Incident Closed-Managed,,2024-03-21
1427,232382,['Odor'],2024-02-22,2024-02-22,Baltimore City,Incident Closed-Managed,,2024-03-21
1428,232374,['Air'],2024-03-21,2024-03-21,Charles,Under Investigation,20637,
1429,232372,['Odor'],2024-02-16,2024-02-16,Baltimore City,Incident Closed-Managed,,2024-03-20
1430,232371,['Odor'],2024-02-12,2024-02-12,Baltimore City,Incident Closed-Managed,,2024-03-20
1431,232369,['Air'],2024-03-19,2024-03-19,Anne Arundel,Incident Closed-No Violation Observed,21401,2024-03-20
1432,232365,"['Air', 'Open Burning', 'Smoke']",2024-03-19,2024-03-19,Carroll,Referred to Outside Agency,21776,
1433,232364,"['Air', 'Fumes', 'Odor', 'Smoke']",2024-03-14,2024-03-14,Cecil,Referred to Outside Agency,,
1434,232363,"['Air', 'Smoke', 'Vapor Release']",2024-03-19,2024-03-14,Montgomery,Incident Closed-Managed,20850,2026-08-31
1435,232361,['Air'],2024-03-17,2024-03-17,Anne Arundel,Incident Closed-Managed,,2024-10-21
1436,232360,['Air'],2024-03-17,2024-03-17,Anne Arundel,Under Investigation,,
1437,232359,"['Air', 'Fumes', 'Smoke']",2024-03-14,2024-03-14,Montgomery,Incident Closed-Managed,20850,2026-08-31
1438,232358,"['Air', 'Fumes', 'Smoke']",2024-03-14,2024-03-14,Montgomery,Incident Closed-Managed,20850,2026-08-31
1439,232354,['Other'],2024-03-16,2024-03-16,Prince George's,Incident Closed-Managed,,2024-03-18
1440,232353,['Other'],2024-03-16,2024-03-16,Prince George's,Incident Closed-Managed,,2024-03-18
1441,232351,['Other'],2024-03-13,2024-03-13,Prince George's,Incident Closed-Managed,,2024-11-22
1442,232342,['Air'],2024-03-14,2024-03-14,Frederick,Referred to Attorney General's Office,21757,
1443,232341,"['Air', 'Fumes', 'Odor']",2024-03-13,2024-03-13,Cecil,Referred to Outside Agency,21911,
1444,232340,"['Air', 'Open Burning', 'Smoke']",2024-03-13,2024-03-13,Cecil,Referred to Outside Agency,21921,
1445,232338,['Air'],2024-03-13,2024-03-13,Frederick,Referred to Attorney General's Office,21757,
1446,232338,['Air'],2024-03-13,2024-03-13,Frederick,Referred to Attorney General's Office,21757,
1447,232331,"['Air', 'Other']",2024-03-12,2024-03-12,Montgomery,Incident Closed-Managed,20879,2024-03-13
1448,232330,"['Air', 'Air Pollutant Release']",2024-03-13,2024-03-13,Carroll,Incident Closed-Managed,,2024-03-13
1449,232326,['Smoke'],2024-03-06,2023-12-10,Allegany,Incident Closed-No Violation Observed,21502,2024-10-18
1450,232325,['Air'],2024-03-12,2024-03-12,Frederick,Referred to Attorney General's Office,21757,
1451,232325,['Air'],2024-03-12,2024-03-12,Frederick,Referred to Attorney General's Office,21757,
1452,232324,['Air'],2024-03-11,2024-03-11,Frederick,Referred to Attorney General's Office,21757,
1453,232324,['Air'],2024-03-11,2024-03-11,Frederick,Referred to Attorney General's Office,21757,
1454,232323,['Air'],2024-03-11,2024-03-11,Anne Arundel,Incident Closed-Managed,21060,2024-03-22
1455,232322,['Air'],2024-03-11,2024-03-11,Anne Arundel,Incident Closed-Managed,21060,2024-03-22
1456,232321,['Air'],2024-03-11,2024-03-11,Anne Arundel,Incident Closed-Managed,21060,2024-03-22
1457,232320,['Air'],2024-03-08,2024-03-08,Anne Arundel,Incident Closed-Managed,21060,2024-03-22
1458,232319,['Air'],2024-03-08,2024-03-08,Anne Arundel,Incident Closed-Managed,21226,2024-03-22
1459,232316,['Air'],2024-03-08,2024-03-08,Anne Arundel,Incident Closed-Managed,21060,2024-03-22
1460,232315,['Air'],2024-03-08,2024-03-08,Anne Arundel,Incident Closed-No Violation Observed,21226,2024-03-22
1461,232314,['Air'],2024-03-07,2024-03-07,Anne Arundel,Incident Closed-Managed,21060,2024-03-22
1462,232313,['Air'],2024-03-07,2024-03-07,Anne Arundel,Incident Closed-Managed,21060,2024-03-22
1463,232312,['Air'],2024-03-07,2024-03-07,Anne Arundel,Incident Closed-Managed,21060,2024-03-22
1464,232311,['Air'],2024-03-07,2024-03-07,Anne Arundel,Incident Closed-Managed,21060,2024-03-22
1465,232309,['Air'],2024-03-07,2024-03-07,Anne Arundel,Incident Closed-Managed,21060,2024-03-22
1466,232308,['Air'],2024-03-07,2024-03-07,Anne Arundel,Incident Closed-Managed,21060,2024-03-22
1467,232307,['Air'],2024-03-07,2024-03-07,Anne Arundel,Incident Closed-Managed,21060,2024-03-22
1468,232306,['Air'],2024-03-07,2024-03-07,Anne Arundel,Incident Closed-Managed,21060,2024-03-22
1469,232305,['Air'],2024-03-07,2024-03-07,Anne Arundel,Incident Closed-Managed,21060,2024-03-22
1470,232304,['Air'],2024-03-07,2024-03-07,Anne Arundel,Incident Closed-Managed,21060,2024-03-22
1471,232303,['Air'],2024-03-07,2024-03-07,Anne Arundel,Incident Closed-Managed,21060,2024-03-22
1472,232302,['Air'],2024-03-07,2024-03-07,Anne Arundel,Incident Closed-Managed,21060,2024-03-22
1473,232301,['Air'],2024-03-07,2024-03-07,Anne Arundel,Incident Closed-Managed,21060,2024-03-22
1474,232300,['Air'],2024-03-07,2024-03-07,Anne Arundel,Incident Closed-Managed,21226,2024-03-22
1475,232299,['Air'],2024-03-07,2024-03-07,Anne Arundel,Incident Closed-Managed,21060,2024-03-22
1476,232298,['Air'],2024-03-07,2024-03-07,Anne Arundel,Incident Closed-Managed,21060,2024-03-22
1477,232296,['Air'],2024-03-07,2024-03-07,Anne Arundel,Incident Closed-Managed,21060,2024-03-22
1478,232295,['Air'],2024-03-07,2024-03-07,Anne Arundel,Incident Closed-Managed,21060,2024-03-22
1479,232291,['Air'],2024-03-07,2024-03-07,Anne Arundel,Incident Closed-Managed,21226,2024-03-22
1480,232290,['Air'],2024-03-07,2024-03-07,Anne Arundel,Incident Closed-Managed,21226,2024-03-22
1481,232289,['Air'],2024-03-07,2024-03-07,Anne Arundel,Incident Closed-Managed,21226,2024-03-22
1482,232288,['Air'],2024-03-07,2024-03-07,Anne Arundel,Incident Closed-Managed,21060,2024-03-22
1483,232287,['Air'],2024-03-07,2024-03-07,Anne Arundel,Incident Closed-Managed,21060,2024-03-22
1484,232286,['Air'],2024-03-06,2024-03-06,Anne Arundel,Incident Closed-Managed,,2024-03-22
1485,232285,['Air'],2024-03-06,2024-03-06,Anne Arundel,Incident Closed-Managed,,2024-03-22
1486,232284,['Air'],2024-03-06,2024-03-06,Anne Arundel,Incident Closed-Managed,,2024-03-22
1487,232281,['Air'],2024-03-08,2024-03-08,Anne Arundel,Incident Closed-No Violation Observed,21122,2024-05-31
1488,232280,['Air'],2024-03-08,2024-03-08,Frederick,Incident Closed-No Violation Observed,21701,2024-05-31
1489,232279,['Air'],2024-03-07,2024-03-07,Anne Arundel,Incident Closed-No Violation Observed,21061,2024-05-31
1490,232278,['Air'],2024-03-07,2024-03-07,Anne Arundel,Incident Closed-No Violation Observed,,2024-05-31
1491,232273,['Open Burning'],2024-03-11,2024-03-08,Caroline,Incident Closed-No Violation Observed,21629,2024-03-13
1492,232264,['Other'],2024-03-06,2024-03-06,Prince George's,Incident Closed-Managed,,2024-03-08
1493,232263,['Other'],2024-03-06,2024-03-06,Prince George's,Incident Closed-Managed,,2024-03-08
1494,232262,['Other'],2024-03-06,2024-03-06,Prince George's,Incident Closed-Managed,,2024-03-08
1495,232261,['Other'],2024-03-06,2024-03-06,Prince George's,Incident Closed-Managed,,2024-03-08
1496,232260,['Other'],2024-03-06,2024-03-06,Prince George's,Incident Closed-Managed,,2024-03-08
1497,232259,['Other'],2024-03-06,2024-03-06,Prince George's,Incident Closed-Managed,,2024-03-08
1498,232258,['Other'],2024-03-06,2024-03-06,Prince George's,Incident Closed-Managed,,2024-03-08
1499,232257,['Other'],2024-03-06,2024-03-06,Prince George's,Incident Closed-Managed,,2024-03-08
1500,232253,['Air'],2024-03-07,2024-03-07,Anne Arundel,Incident Closed-Managed,21226,2024-05-31
1501,232252,['Air'],2024-03-06,2024-03-06,Anne Arundel,Incident Closed - No further action,21061,2024-05-30
1502,232250,['Air'],2024-03-06,2024-03-06,Anne Arundel,Incident Closed-No Violation Observed,21061,2024-05-30
1503,232240,['Open Burning'],2024-03-04,2024-03-03,Wicomico,Incident Closed-No Violation Observed,21804,2024-03-06
1504,232216,['Odor'],2024-03-01,2024-03-01,Dorchester,Incident Closed - No further action,21835,2024-03-01
1505,232215,['Odor'],2024-03-01,2024-03-01,Dorchester,Incident Closed - No further action,21835,2024-03-01
1506,232214,['Odor'],2024-02-26,2024-02-26,Dorchester,Incident Closed - No further action,21835,2024-02-26
1507,232205,"['Air', 'Smoke']",2024-02-29,2024-02-29,Carroll,Referred to Outside Agency,,
1508,232204,['Other'],2024-02-28,2024-02-28,Prince George's,Incident Closed-Managed,,2024-03-01
1509,232203,['Air'],2024-03-01,2024-03-01,Anne Arundel,Incident Closed-No Violation Observed,21090,2024-03-08
1510,232193,['Other'],2024-02-27,2024-02-27,Prince George's,Incident Closed-Managed,20735,2024-04-01
1511,232191,['Air'],2024-02-28,2024-02-28,Frederick,Referred to Attorney General's Office,21757,
1512,232191,['Air'],2024-02-28,2024-02-28,Frederick,Referred to Attorney General's Office,21757,
1513,232190,['Air'],2024-02-28,2024-02-28,Charles,Clean-up In Progress,,
1514,232188,['Smoke'],2024-02-27,2024-02-26,,Referred to Attorney General's Office,21226,
1515,232187,['Air'],2024-02-27,2024-02-27,Anne Arundel,Incident Closed-No Violation Observed,21403,2024-02-28
1516,232186,['Odor'],2024-02-26,2024-02-26,Anne Arundel,Incident Closed - No further action,21226,2024-02-26
1517,232176,['Air'],2024-02-26,2024-02-26,Anne Arundel,Incident Closed-Managed,21060,2024-03-08
1518,232175,['Air'],2024-02-23,2024-02-23,Anne Arundel,Incident Closed-No Violation Observed,,2024-02-27
1519,232169,['Air'],2024-02-22,2024-02-22,Anne Arundel,Incident Closed-No Violation Observed,21122,2024-02-23
1520,222175,"['Air', 'Other']",2024-02-20,2024-02-20,Montgomery,Referred to Outside Agency,20788,
1521,222174,['Smoke'],2024-02-22,2024-02-21,,Referred to Attorney General's Office,21226,
1522,222158,['Fugitive Dust/Particulate Matter'],2024-02-20,2024-02-20,Worcester,Referred to Outside Agency,21842,
1523,222156,['Air'],2024-02-15,2024-02-15,Baltimore,Incident Closed-No Violation Observed,21223,2024-02-16
1524,222155,['Air'],2024-02-14,2024-02-14,Frederick,Referred to Attorney General's Office,21757,
1525,222150,"['Air', 'Open Burning']",2024-02-16,2024-02-09,Cecil,Referred to LMA,21921,
1526,222149,['Fugitive Dust/Particulate Matter'],2024-02-15,2024-02-15,Allegany,Incident Closed-Managed,21532,2024-09-23
1527,222148,['Odor'],2024-02-09,2024-02-09,Baltimore City,Incident Closed-Managed,,2024-02-16
1528,222147,['Odor'],2024-02-09,2024-02-09,Baltimore City,Incident Closed-Managed,,2024-02-16
1529,222146,['Odor'],2024-02-08,2024-02-08,Baltimore City,Incident Closed-Managed,,2024-02-16
1530,222145,['Odor'],2024-02-07,2024-02-07,Baltimore City,Incident Closed-Managed,,2024-02-16
1531,222144,['Odor'],2024-02-06,2024-02-06,Baltimore City,Incident Closed-Managed,,2024-02-16
1532,222143,['Smoke'],2024-02-02,2024-02-02,Baltimore City,Incident Closed-Managed,,2024-02-16
1533,222142,['Odor'],2024-02-05,2024-02-05,Baltimore,Incident Closed-Managed,,2024-02-16
1534,222141,['Odor'],2024-02-05,2024-02-05,Baltimore City,Incident Closed-Managed,,2024-02-16
1535,222140,['Odor'],2024-02-02,2024-02-02,Baltimore,Incident Closed-Managed,,2024-02-16
1536,222139,['Fugitive Dust/Particulate Matter'],2024-02-05,2024-02-03,Worcester,Incident Closed-Restored,21851,2024-02-05
1537,222138,"['Air', 'Open Burning']",2024-02-07,2024-02-07,Cecil,Referred to LMA,21921,
1538,222122,['Air'],2024-02-14,2024-02-14,Charles,Incident Closed-Managed,20601,2024-10-21
1539,222121,['Smoke'],2024-02-06,2024-02-06,,Referred to Attorney General's Office,21226,
1540,222116,['Odor'],2024-02-13,2024-02-08,Baltimore City,Incident Closed-Managed,21226,2024-02-14
1541,222114,['Fugitive Dust/Particulate Matter'],2024-02-12,2024-02-12,Allegany,Incident Closed - No further action,21532,2024-02-16
1542,222112,"['Air', 'Fumes']",2024-02-09,2023-12-22,Cecil,Referred to Outside Agency,21901,
1543,222111,['Other'],2024-02-03,2024-02-03,Prince George's,Incident Closed-Managed,20785,2024-02-12
1544,222110,['Other'],2024-02-10,2024-02-10,Prince George's,Incident Closed-Managed,,2024-02-12
1545,222109,['Other'],2024-02-09,2024-02-09,Prince George's,Incident Closed-Managed,,2024-02-12
1546,222108,['Air'],2024-02-09,2024-02-09,Anne Arundel,Incident Closed-No Violation Observed,21090,2024-02-14
1547,222107,['Air'],2024-02-09,2024-02-09,Anne Arundel,Incident Closed-No Violation Observed,21090,2024-02-14
1548,222106,['Odor'],2024-02-09,2023-12-26,Talbot,Referred to WMA,21652,
1549,222096,['Air'],2024-02-06,2024-02-06,Anne Arundel,Incident Closed-No Violation Observed,21113,2024-02-08
1550,222094,['Odor'],2024-01-27,2024-01-27,Baltimore City,Incident Closed-Managed,,2024-02-08
1551,222093,['Odor'],2024-02-26,2024-01-26,Baltimore City,Incident Closed-Managed,,2024-02-08
1552,222092,['Odor'],2024-01-26,2024-01-26,Baltimore City,Incident Closed-Managed,,2024-02-08
1553,222091,['Smoke'],2024-01-26,2024-01-26,Baltimore City,Incident Closed-Managed,,2024-02-08
1554,222090,['Odor'],2024-01-25,2024-01-25,Baltimore City,Incident Closed-Managed,,2024-02-08
1555,222089,['Odor'],2024-01-23,2024-01-23,Baltimore City,Incident Closed-Managed,,2024-02-08
1556,222088,['Odor'],2024-01-19,2024-01-19,Baltimore City,Incident Closed-Managed,,2024-02-08
1557,222087,['Odor'],2024-01-16,2024-01-16,Baltimore City,Incident Closed-Managed,,2024-02-08
1558,222086,['Odor'],2024-01-11,2024-01-11,Baltimore City,Incident Closed-Managed,,2024-02-08
1559,222085,['Smoke'],2024-02-06,2024-02-06,,Referred to Attorney General's Office,21226,
1560,222084,['Smoke'],2024-01-26,2024-01-26,,Referred to Attorney General's Office,21226,
1561,222071,"['Air', 'Odor', 'Smoke']",2024-02-01,2024-02-01,Cecil,Referred to Outside Agency,21903,
1562,222070,"['Air', 'Odor', 'Smoke']",2024-01-30,2024-01-30,Montgomery,Incident Closed-Managed,20852,2024-02-06
1564,222067,['Other'],2024-02-01,2024-02-01,Prince George's,Incident Closed-Managed,,2024-02-05
1565,222055,['Air'],2024-02-01,2024-02-01,Frederick,Referred to Attorney General's Office,21757,
1566,222054,['Air'],2024-02-01,2024-02-01,Frederick,Incident Closed - No further action,21701,2024-05-30
1567,222053,['Other'],2024-01-31,2024-01-31,Prince George's,Incident Closed-Managed,,2024-02-02
1568,222052,['Other'],2024-01-31,2024-01-31,Howard,Incident Closed-Managed,,2024-02-02
1569,222051,['Air'],2024-02-01,2024-02-01,Anne Arundel,Incident Closed-Managed,21122,2024-02-02
1570,222044,['Odor'],2024-01-25,2024-01-25,Anne Arundel,Incident Closed - No further action,21226,2024-01-25
1571,222043,['Odor'],2024-01-25,2024-01-25,Anne Arundel,Incident Closed - No further action,21226,2024-01-25
1572,222036,['Other'],2024-01-30,2024-01-30,Prince George's,Incident Closed-Managed,,2024-02-02
1573,222032,['Other'],2024-01-25,2024-01-25,Prince George's,Incident Closed-Managed,,2024-01-31
1574,222027,['Fugitive Dust/Particulate Matter'],2024-01-26,,Baltimore,Incident Closed-Managed,21227,2024-01-29
1575,222026,['Air'],2024-01-29,2024-01-29,Anne Arundel,Incident Closed-Managed,21054,2024-05-30
1576,222022,['Air'],2024-01-26,2024-01-26,Anne Arundel,Incident Closed-No Violation Observed,21061,2024-01-26
1577,222019,['Air'],2024-01-25,2024-01-25,Anne Arundel,Incident Closed-Managed,21060,2024-02-06
1578,222016,['Fugitive Dust/Particulate Matter'],2024-01-24,,Baltimore,Incident Closed-Managed,21227,2024-01-29
1579,222015,['Fugitive Dust/Particulate Matter'],2024-01-24,,Baltimore,Incident Closed-Managed,21227,2024-01-29
1580,222014,['Air'],2024-01-25,2024-01-25,Anne Arundel,Under Investigation,,
1581,222012,['Air'],2024-01-24,2024-01-24,Anne Arundel,Incident Closed-Managed,,2024-01-25
1582,222010,['Smoke'],2024-01-03,2024-01-03,,Incident Closed-Managed,21230,2024-01-24
1583,222009,['Smoke'],2024-01-24,2024-01-24,,Referred to Attorney General's Office,21226,
1584,222008,"['Odor', 'Smoke']",2024-01-16,2024-01-13,,Referred to Attorney General's Office,21226,
1585,222007,['Smoke'],2024-01-05,2024-01-05,,Referred to Attorney General's Office,21226,
1586,222005,['Fugitive Dust/Particulate Matter'],2024-01-17,,Baltimore,Incident Closed-Managed,21227,2024-01-29
1587,222004,['Fumes'],2024-01-18,,Baltimore,Incident Closed-Managed,21228,2024-01-24
1588,222002,['Air'],2024-01-23,2024-01-23,Frederick,Incident Closed-No Violation Observed,21703,2024-02-07
1589,221998,['Air'],2024-01-12,2024-01-12,Montgomery,Incident Closed - No further action,20904,2024-01-22
1590,221996,['Other'],2024-01-18,2024-01-18,Prince George's,Incident Closed-Managed,20747,2024-01-22
1591,211996,"['Air', 'Odor']",2024-01-17,2024-01-17,Cecil,Referred to LMA,21911,
1592,211992,['Other'],2024-01-17,2024-01-17,Prince George's,Incident Closed-Managed,,2024-01-17
1593,211985,['Other'],2024-01-11,2024-01-11,Caroline,Referred to Outside Agency,21660,
1594,211984,['Other'],2024-01-10,2024-01-10,Caroline,Referred to WMA,21660,
1595,211983,['Odor'],2024-01-08,2024-01-08,Baltimore City,Incident Closed - No further action,,2024-01-08
1596,211973,['Other'],2024-01-11,2024-01-11,Prince George's,Incident Closed-Managed,,2024-01-12
1597,211968,['Other'],2024-01-04,2024-01-04,Washington,Incident Closed - No further action,,2024-01-10
1598,211967,['Smoke'],2023-12-27,2023-12-27,Allegany,Incident Closed - No further action,21502,2024-02-15
1599,211964,"['Air', 'Odor']",2024-01-02,2024-01-02,Cecil,Incident Closed - No further action,,2024-01-09
1600,211963,['Open Burning'],2024-01-03,2024-01-03,Wicomico,Incident Closed-No Violation Observed,21804,2024-01-04
1601,211961,['Odor'],2024-01-06,,Baltimore,Incident Closed-Managed,,2024-01-09
1602,211960,['Air'],2024-01-09,2024-01-08,Frederick,Referred to Attorney General's Office,21757,
1603,211959,['Air'],2024-01-05,2024-01-05,Anne Arundel,Incident Closed-No Violation Observed,,2024-01-09
1604,211956,['Other'],2024-01-05,2024-01-05,Prince George's,Incident Closed-Managed,,2024-01-17
1605,211955,['Other'],2024-01-03,2024-01-03,Prince George's,Incident Closed-Managed,,2024-01-17
1606,211949,['Odor'],2024-01-03,,Baltimore,Incident Not Applicable to MDE,,
1607,211948,['Odor'],2024-01-03,,Baltimore,Incident Closed-Managed,,2024-01-04
1608,211947,['Fumes'],2024-01-03,,Baltimore,Incident Closed - No further action,21222,2024-01-04
1609,211938,['Other'],2023-12-22,2023-12-22,Howard,Incident Closed-Managed,,2024-01-03
1610,211934,['Air'],2024-01-02,2024-01-02,Anne Arundel,Incident Closed-No Violation Observed,21061,2024-01-03
1611,211932,['Air'],2023-12-27,2023-12-27,Anne Arundel,Incident Closed-Managed,,2023-12-28
1612,211930,['Odor'],2023-12-27,,Baltimore,Incident Closed-Managed,,2024-01-09
1613,211926,['Air'],2023-12-22,2023-12-22,Frederick,Incident Closed-No Violation Observed,21788,2024-01-03
1614,211907,['Air'],2023-12-21,2023-12-21,Anne Arundel,Incident Closed-No Violation Observed,21403,2024-01-08
1615,201907,['Air'],2023-12-20,2023-12-20,Queen Anne's,Incident Closed-Managed,21638,2023-12-21
1616,201905,['Fugitive Dust/Particulate Matter'],2023-12-20,2023-12-20,Allegany,Incident Closed-Managed,21536,2024-09-23
1617,201904,['Air'],2023-12-15,2023-12-15,Anne Arundel,Incident Closed-No Violation Observed,21054,2023-12-21
1618,201899,['Other'],2023-12-18,2023-12-18,Prince George's,Incident Closed-Managed,,2023-12-20
1619,201898,['Other'],2023-12-19,,Baltimore,Incident Closed - No further action,,2023-12-20
1620,201894,['Odor'],2023-12-18,,Harford,Incident Closed-Managed,21001,2023-12-21
1621,201889,['Fumes'],2023-12-13,,Baltimore,Referred to Outside Agency,,
1622,201885,['Other'],2023-12-15,2023-12-15,Prince George's,Incident Closed-Managed,,2023-12-18
1623,201883,['Other'],2023-12-14,2023-12-14,Howard,Incident Closed-Managed,,2023-12-18
1624,201873,['Odor'],2023-12-10,2023-12-10,Baltimore City,Incident Closed-Managed,,2023-12-14
1625,201872,['Odor'],2023-12-08,2023-12-08,Baltimore City,Incident Closed-Managed,,2023-12-14
1626,201871,['Smoke'],2023-12-07,2023-12-07,Baltimore City,Incident Closed-Managed,,2023-12-14
1627,201869,['Air'],2023-12-08,2023-12-08,Anne Arundel,Referred to WMA,21403,
1628,201868,"['Air', 'Odor']",2023-12-13,2023-12-13,Cecil,Referred to LMA,21911,
1629,201867,"['Air', 'Odor']",2023-12-12,2023-12-12,Cecil,Referred to LMA,21911,
1630,201866,['Air'],2023-12-11,2023-12-11,Frederick,Referred to Attorney General's Office,21757,
1631,201866,['Air'],2023-12-11,2023-12-11,Frederick,Referred to Attorney General's Office,21757,
1632,201865,['Other'],2023-12-11,2023-12-11,Prince George's,Incident Closed-Managed,,2023-12-13
1633,201864,['Other'],2023-12-11,2023-12-11,Prince George's,Incident Closed-Managed,,2023-12-13
1634,201863,['Other'],2023-12-11,2023-12-11,Prince George's,Incident Closed-Managed,,2023-12-13
1635,201862,['Other'],2023-12-11,2023-12-11,Prince George's,Incident Closed-Managed,,2023-12-13
1636,201861,['Other'],2023-12-11,2023-12-11,Prince George's,Incident Closed-Managed,,2023-12-13
1637,201860,['Other'],2023-12-11,2023-12-11,Prince George's,Incident Closed-Managed,,2023-12-13
1638,201859,['Other'],2023-12-11,2023-12-11,Prince George's,Incident Closed-Managed,,2023-12-13
1639,201858,['Other'],2023-12-11,2023-12-11,Prince George's,Incident Closed-Managed,,2023-12-13
1640,201857,['Other'],2023-12-11,2023-12-11,Prince George's,Incident Closed-Managed,,2023-12-13
1641,201856,['Other'],2023-12-08,2023-12-08,Prince George's,Incident Closed-Managed,,2023-12-20
1642,201855,['Smoke'],2023-12-06,2023-12-06,Garrett,Incident Closed - No further action,21520,2024-02-09
1643,201852,['Open Burning'],2023-12-05,2023-12-05,Washington,Incident Closed - No further action,21756,2023-12-12
1644,201845,"['Air', 'Odor', 'Open Burning']",2023-12-11,2023-12-03,Montgomery,Referred to Outside Agency,20902,
1645,201843,['Air'],2023-12-08,2023-12-08,Charles,Incident Closed - No further action,20601,2024-05-15
1646,201842,['Air'],2023-12-05,2023-12-05,Anne Arundel,Referred to WMA,21403,
1647,201841,['Air'],2023-12-07,2023-12-07,Charles,Incident Closed - No further action,20646,2024-05-15
1648,201831,['Air'],2023-12-07,2023-12-07,Anne Arundel,Incident Closed - No further action,,2023-12-07
1649,201830,['Air'],2023-12-04,2023-12-04,Frederick,Incident Closed-Managed,21788,2023-12-11
1650,201829,['Air'],2023-12-07,2023-12-06,Charles,Incident Closed - No further action,20601,2024-05-15
1651,201828,['Air'],2023-12-04,2023-12-04,Frederick,Incident Closed-No Violation Observed,21701,2023-12-11
1652,201827,['Air'],2023-12-04,2023-12-04,Frederick,Referred to Attorney General's Office,21757,
1653,201825,['Open Burning'],2023-12-01,2023-12-01,Wicomico,Incident Closed-Managed,21801,2024-10-21
1654,201823,['Smoke'],2023-12-04,,Baltimore,Incident Closed - No further action,,2023-12-05
1655,201822,['Odor'],2023-11-30,2023-11-30,Baltimore City,Incident Closed-Managed,,2023-12-05
1656,201821,['Odor'],2023-11-25,2023-11-25,Baltimore City,Incident Closed-Managed,,2023-12-05
1657,201820,['Odor'],2023-11-17,2023-11-17,Baltimore City,Incident Closed-Managed,,2023-12-05
1658,201819,['Odor'],2023-11-15,2023-11-15,Baltimore City,Incident Closed-Managed,,2023-12-05
1659,201818,['Odor'],2023-11-04,2023-11-04,Baltimore City,Incident Closed-Managed,,2023-12-05
1660,201814,['Other'],2023-12-04,2023-11-29,Prince George's,Incident Closed-Managed,20781,2023-12-08
1661,201810,"['Air', 'Fugitive Dust/Particulate Matter', 'Smoke']",2023-12-01,2023-12-01,Montgomery,Referred to Outside Agency,20902,
1662,201809,['Air'],2023-12-01,2023-11-28,Anne Arundel,Incident Closed-Managed,21403,2023-12-08
1663,191816,"['Air', 'Odor']",2023-11-30,2023-11-30,Cecil,Referred to LMA,21911,
1664,191809,['Fumes'],2023-11-28,,Baltimore,Incident Not Applicable to MDE,,
1665,191804,['Air Pollutant Release'],2023-11-28,2023-10-02,Montgomery,Incident Closed - No further action,20877,2023-12-12
1666,191802,['Air'],2023-11-28,2023-11-27,Anne Arundel,Incident Closed - No further action,21114,2023-11-29
1667,191794,['Air'],2023-11-27,2023-11-27,Frederick,Referred to Attorney General's Office,,
1668,191793,"['Air', 'Odor']",2023-11-22,2023-11-22,Cecil,Referred to LMA,21911,
1669,191783,['Other'],2023-11-21,2023-11-21,Prince George's,Incident Closed-Managed,,2023-11-22
1670,191782,['Other'],2023-11-22,2023-11-21,Prince George's,Incident Closed-Managed,,2023-11-22
1671,191781,['Other'],2023-11-21,2023-11-21,Prince George's,Incident Closed-Managed,,2023-11-22
1672,191780,['Other'],2023-11-21,2023-11-21,Prince George's,Incident Closed-Managed,,2023-11-22
1673,191779,['Other'],2023-11-20,2023-11-20,Prince George's,Incident Closed-Managed,,2023-11-22
1674,191778,['Other'],2023-11-21,2023-11-21,Prince George's,Incident Closed-Managed,,2023-11-22
1675,191777,['Other'],2023-11-20,2023-11-20,Prince George's,Incident Closed-Managed,,2023-11-22
1676,191776,['Other'],2023-11-21,2023-11-21,Prince George's,Incident Closed-Managed,,2023-11-22
1677,191775,['Other'],2023-11-21,2023-11-21,Prince George's,Incident Closed-Managed,,2023-11-22
1678,191774,"['Air', 'Fugitive Dust/Particulate Matter']",2023-10-19,2023-10-19,Cecil,Incident Closed-Managed,21919,2023-11-21
1679,191773,"['Air', 'Odor']",2023-11-16,2023-11-16,Cecil,Referred to Outside Agency,21911,
1680,191772,['Odor'],2023-11-21,,St. Mary's,Referred to Outside Agency,,
1681,191769,['Fugitive Dust/Particulate Matter'],2023-11-21,2023-11-21,Washington,Incident Closed-Managed,21742,2024-09-23
1682,191766,['Air'],2023-11-21,2023-11-21,Anne Arundel,Referred to Attorney General's Office,,
1683,191760,['Odor'],2023-11-17,,Baltimore,Incident Closed-Managed,,2023-11-20
1684,191759,['Other'],2023-11-17,2023-11-17,Prince George's,Incident Closed-Managed,,2023-11-20
1685,191758,['Other'],2023-11-18,2023-11-18,Prince George's,Incident Closed-Managed,,2023-11-20
1686,191757,['Other'],2023-11-19,2023-11-19,Prince George's,Incident Closed-Managed,,2023-11-20
1687,191756,['Other'],2023-11-19,2023-11-19,Prince George's,Incident Closed-Managed,,2023-11-20
1688,191754,['Other'],2023-11-19,2023-11-19,Prince George's,Incident Closed-Managed,,2023-11-20
1689,191748,"['Air', 'Smoke']",2023-11-16,2023-11-16,Carroll,Incident Closed-Managed,,2023-11-16
1690,191747,"['Air', 'Odor']",2023-11-15,2023-11-13,Cecil,Referred to Outside Agency,21911,
1691,191746,['Air'],2023-11-16,2023-11-16,Anne Arundel,Referred to WMA,21403,
1692,191741,['Fumes'],2023-11-13,,Harford,Incident Closed-No Violation Observed,21017,2023-11-30
1693,191739,['Air'],2023-11-13,2023-11-13,Anne Arundel,Incident Not Applicable to MDE,21225,
1694,191738,['Air'],2023-11-14,2023-11-12,Anne Arundel,Under Investigation,,
1695,191737,['Air'],2023-11-11,2023-11-11,Frederick,Incident Closed-Managed,21701,2023-11-14
1696,191736,"['Fugitive Dust/Particulate Matter', 'Smoke']",2023-11-07,2023-11-07,Washington,Incident Closed-Managed,21740,2024-03-19
1697,191735,['Air'],2023-11-08,2023-11-08,Anne Arundel,Incident Closed - No further action,21122,2023-11-14
1698,191731,['Air'],2023-11-13,2023-11-10,Anne Arundel,Under Investigation,,
1699,191730,['Air'],2023-11-13,2023-11-10,Anne Arundel,Under Investigation,,
1700,191729,['Air'],2023-11-10,2023-11-10,Anne Arundel,Under Investigation,21060,
1701,191726,['Air'],2023-11-10,2023-11-10,Frederick,Referred to Attorney General's Office,,
1702,191720,['Other'],2023-11-07,2023-11-07,Prince George's,Incident Closed-Managed,20784,2023-11-08
1703,191718,['Other'],2023-11-03,2023-11-03,Prince George's,Incident Closed-Managed,20746,2023-12-08
1704,191715,"['Air', 'Open Burning']",2023-11-06,2023-11-06,Carroll,Referred to Outside Agency,21158,
1705,191713,['Odor'],2023-11-03,,Baltimore,Incident Not Applicable to MDE,,
1706,191712,['Odor'],2023-11-02,,Baltimore,Referred to Outside Agency,,
1707,191711,['Other'],2023-11-03,2023-11-03,Prince George's,Incident Closed-Managed,,2023-11-05
1708,191710,['Other'],2023-10-30,2023-10-30,Prince George's,Incident Closed-Managed,,2023-11-03
1709,191707,['Air'],2023-11-02,2023-11-02,Frederick,Incident Closed - No further action,21769,2023-11-16
1710,191706,['Air'],2023-11-03,2023-11-02,Anne Arundel,Under Investigation,,
1711,191705,['Air'],2023-11-03,2023-10-31,Charles,Incident Closed - No further action,,2023-11-03
1712,191704,['Odor'],2023-10-30,2023-10-30,Baltimore City,Incident Closed-Managed,,2023-11-02
1713,191703,['Odor'],2023-10-29,2023-10-29,Baltimore City,Incident Closed-Managed,,2023-11-02
1714,191702,['Odor'],2023-11-28,2023-10-28,Baltimore City,Incident Closed-Managed,,2023-11-02
1715,191700,['Odor'],2023-10-27,2023-10-27,Baltimore City,Incident Closed-Managed,,2023-11-02
1716,191699,['Odor'],2023-11-01,2023-11-01,Washington,Incident Closed - No further action,21740,2023-11-02
1717,191697,['Fugitive Dust/Particulate Matter'],2023-10-26,2023-10-26,Washington,Incident Closed-Managed,21742,2024-09-23
1718,191696,['Fugitive Dust/Particulate Matter'],2023-10-26,2023-10-26,Washington,Incident Closed-Managed,21742,2024-09-23
1719,191693,['Air'],2023-11-01,2023-10-31,Frederick,Referred to Attorney General's Office,,
1720,191692,['Air'],2023-10-31,2023-10-31,Anne Arundel,Incident Closed - No further action,21144,2023-11-14
1721,191690,['Air'],2023-11-01,2023-10-30,Anne Arundel,Incident Not Applicable to MDE,,
1722,191689,['Air'],2023-11-01,2023-10-26,Anne Arundel,Under Investigation,,
1723,191686,"['Air', 'Odor']",2023-10-31,2023-10-27,Baltimore,Incident Closed-Managed,21224,2023-10-31
1724,191684,['Other'],2023-10-24,2023-10-24,Baltimore City,Incident Closed-Managed,,2023-10-31
1725,191683,['Odor'],2023-10-24,2023-10-24,Baltimore City,Incident Closed-Managed,,2023-10-31
1726,191682,['Odor'],2023-10-19,2023-10-19,Baltimore City,Incident Closed-Managed,,2023-10-31
1727,191681,['Air Pollutant Release'],2023-10-16,2023-10-16,Baltimore City,Incident Closed - No further action,,2023-10-31
1728,191680,['Air'],2023-10-11,2023-05-06,Baltimore City,Incident Closed-Managed,21226,2023-10-31
1729,191677,"['Air', 'Fumes', 'Odor']",2023-10-26,2023-10-26,Carroll,Incident Closed-Managed,21048,2023-10-30
1730,191675,['Air'],2023-10-30,2023-10-30,Frederick,Incident Closed - No further action,,2023-10-30
1731,191674,['Air'],2023-10-30,2023-10-28,Anne Arundel,Incident Closed - No further action,21037,2023-11-01
1732,191671,['Other'],2023-10-24,2023-10-24,Prince George's,Incident Closed-Managed,,2023-10-27
1733,191667,['Air'],2023-10-26,2023-10-26,Frederick,Clean-up Initiated,,
1734,191665,['Odor'],2023-10-12,2023-10-12,Baltimore City,Incident Closed-Managed,,2023-10-25
1735,191664,['Odor'],2023-10-05,2023-10-05,Baltimore City,Incident Closed-Managed,,2023-10-25
1736,191663,['Odor'],2023-09-26,2023-09-26,Baltimore City,Incident Closed-Managed,,2023-10-25
1737,191662,['Odor'],2023-09-27,2023-09-27,Baltimore City,Incident Closed-Managed,,2023-10-25
1738,191661,['Odor'],2023-09-20,2023-09-20,Baltimore City,Incident Closed-Managed,,2023-10-25
1739,191660,['Odor'],2023-09-12,2023-09-12,Baltimore City,Incident Closed-Managed,,2023-10-25
1740,191659,['Fugitive Dust/Particulate Matter'],2023-09-11,2023-09-11,Baltimore City,Incident Closed-Managed,,2023-10-25
1741,191658,['Odor'],2023-09-11,2023-09-11,Baltimore City,Incident Closed-Managed,,2023-10-25
1742,191657,['Odor'],2023-09-09,2023-09-09,Baltimore City,Incident Closed-Managed,,2023-10-25
1743,191656,['Fugitive Dust/Particulate Matter'],2023-09-08,2023-09-08,Baltimore City,Incident Closed-Managed,,2023-10-25
1744,191655,['Odor'],2023-09-07,2023-09-07,Baltimore City,Incident Closed-Managed,,2023-10-25
1745,191650,['Air'],2023-10-25,2023-10-25,Frederick,Clean-up Initiated,,
1746,191648,['Noise Complaint'],2023-10-23,,Baltimore,Incident Not Applicable to MDE,,
1747,191646,['Air'],2023-10-24,2023-10-24,Frederick,Clean-up Initiated,,
1748,191644,['Air'],2023-10-24,2023-10-24,Frederick,Clean-up Initiated,,
1749,191643,['Air'],2023-10-24,2023-10-23,Charles,Under Investigation,,
1750,191638,['Other'],2023-10-19,2023-10-19,Prince George's,Incident Closed-Managed,20743,2023-10-20
1751,191637,"['Fugitive Dust/Particulate Matter', 'Smoke']",2023-10-18,2023-10-05,Allegany,Incident Closed - No further action,21540-109,2024-02-02
1752,191635,['Other'],2023-10-19,2023-10-19,Prince George's,Incident Closed-Managed,,2023-10-20
1753,191634,['Fugitive Dust/Particulate Matter'],2023-10-18,2023-10-18,Washington,Incident Closed-No Violation Observed,21742,2024-09-23
1754,181632,['Air'],2023-10-19,2023-10-19,St. Mary's,Incident Not Applicable to MDE,,
1755,181626,['Air'],2023-10-18,2023-10-16,Anne Arundel,Incident Closed-No Violation Observed,21037,2023-10-23
1756,181625,['Air'],2023-10-16,2023-10-16,Frederick,Incident Closed - No further action,,2023-10-19
1757,181624,['Air'],2023-10-17,2023-10-17,Anne Arundel,Incident Closed - No further action,,2023-10-18
1758,181622,['Other'],2023-10-16,,Baltimore,Incident Closed-Managed,,2023-10-17
1759,181621,['Odor'],2023-10-15,,Baltimore,Incident Closed-No Violation Observed,,2023-10-17
1760,181617,"['Air', 'Odor', 'Open Burning', 'Smoke']",2023-10-10,2023-10-10,Cecil,Incident Closed-Managed,21919,2023-10-16
1761,181616,"['Air', 'Fugitive Dust/Particulate Matter', 'Other', 'Suspected Operation without Permit']",2023-10-11,2023-10-11,Cecil,Incident Closed-Managed,21901,2023-11-21
1762,181615,"['Air', 'Fumes', 'Odor']",2023-10-13,2023-10-13,Montgomery,Incident Closed-Managed,20852,2023-10-16
1763,181613,['Other'],2023-10-11,2023-10-11,Allegany,Incident Closed - No further action,,2023-10-16
1764,181612,['Other'],2023-10-10,2023-10-10,Allegany,Incident Closed - No further action,,2023-10-16
1765,181611,['Smoke'],2023-09-27,2023-09-27,Allegany,Incident Closed - No further action,21562,2023-11-21
1766,181609,['Air'],2023-10-13,2023-10-13,Anne Arundel,Incident Not Applicable to MDE,,
1767,181607,['Other'],2023-10-05,2023-10-05,Prince George's,Incident Closed-Managed,,2023-10-13
1768,181606,['Other'],2023-10-05,2023-10-05,Prince George's,Incident Closed-Managed,,2023-11-05
1769,181605,['Other'],2023-10-03,2023-10-03,Prince George's,Incident Closed-Managed,,2023-10-13
1770,181598,['Air'],2023-10-11,2023-10-11,Frederick,Incident Closed-Clean-up Completed,21701,2023-10-13
1771,181596,['Fugitive Dust/Particulate Matter'],2023-10-03,2023-10-03,Kent,Incident Closed-No Violation Observed,,2023-10-06
1772,181595,['Odor'],2023-10-09,,Baltimore,Incident Closed-No Violation Observed,21093,2023-10-17
1773,181594,['Smoke'],2023-10-10,,Baltimore,Incident Not Applicable to MDE,,
1774,181593,['Air'],2023-10-10,2023-10-09,Frederick,Clean-up Initiated,21757,
1775,181588,['Air'],2023-10-05,2023-10-05,Frederick,Incident Closed - No further action,21771,2023-10-06
1776,181587,['Air'],2023-10-03,2023-10-03,Frederick,Incident Closed - No further action,,2023-10-20
1777,181586,['Air'],2023-10-04,2023-10-04,Frederick,Clean-up Initiated,21757,
1778,181585,"['Air', 'Odor']",2023-10-05,2023-10-04,Baltimore,Incident Closed-Managed,21224,2023-10-05
1779,181584,['Odor'],2023-10-04,,Harford,Incident Not Applicable to MDE,,
1780,181582,['Odor'],2023-10-04,2023-10-04,Cecil,Referred to Outside Agency,21911,
1781,181579,['Air'],2023-10-04,2023-10-04,Frederick,Clean-up Initiated,,
1782,181578,['Other'],2023-10-02,2023-10-02,Prince George's,Incident Closed-Managed,,2023-10-04
1783,181577,['Other'],2023-08-29,2023-09-29,Prince George's,Incident Closed-Managed,,2023-10-04
1784,181574,['Odor'],2023-10-03,,Baltimore,Incident Closed-Managed,,2023-10-03
1785,181573,['Air'],2023-10-03,2023-10-03,Frederick,Incident Closed-No Violation Observed,21701,2023-10-13
1786,181572,['Air'],2023-10-03,2023-09-29,Anne Arundel,Incident Closed-Managed,21060,2023-10-02
1787,181571,['Air'],2023-10-03,2023-09-29,Anne Arundel,Incident Closed-Managed,21054,2026-02-19
1788,181567,['Odor'],2023-10-01,,Baltimore,Incident Closed-Managed,,2023-10-03
1789,181566,"['Air', 'Asbestos Complaint']",2023-10-02,2023-10-02,Montgomery,Referred to Outside Agency,,
1790,181554,['Air'],2023-09-27,2023-09-27,Frederick,Clean-up Initiated,,
1791,181551,['Air'],2023-09-26,2023-09-25,Frederick,Clean-up In Progress,,
1792,181546,['Other'],2023-09-25,2023-09-18,Howard,Incident Closed-Managed,,2023-09-25
1793,181544,['Other'],2023-09-15,2023-09-15,Allegany,Incident Closed - No further action,,2023-09-22
1795,181532,"['Air', 'Fumes', 'Odor']",2023-09-21,2023-03-22,Montgomery,Incident Closed-Managed,20837,2024-11-19
1796,181531,['Air'],2023-09-21,2023-09-21,Charles,Incident Not Applicable to MDE,,
1797,181530,['Air'],2023-09-21,2023-09-19,Frederick,Incident Closed-No Violation Observed,,2023-09-21
1798,181529,['Air'],2023-09-21,2023-09-19,Anne Arundel,Incident Closed - No further action,21054,2023-11-21
1799,181528,['Air'],2023-09-21,2023-09-18,Frederick,Clean-up Initiated,,
1800,181526,['Fugitive Dust/Particulate Matter'],2023-09-18,,Baltimore,Incident Closed - No further action,21162,2023-09-28
1801,181525,['Smoke'],2023-09-18,,Harford,Incident Closed-Managed,,2023-09-19
1802,181517,['Air'],2023-09-18,2023-09-12,Frederick,Clean-up In Progress,,
1803,181516,['Air'],2023-09-18,2023-09-06,Anne Arundel,Incident Closed - No further action,,2023-09-18
1804,181515,['Air'],2023-09-18,2023-09-05,Anne Arundel,Under Investigation,,
1805,181514,['Odor'],2023-09-14,2023-09-14,Carroll,Referred to Outside Agency,,
1806,181512,['Non-Tidal Wetlands/Waterway'],2023-09-12,2023-09-12,Washington,Referred to WMA,,
1808,181491,['Odor'],2023-09-08,2023-09-08,Dorchester,Incident Closed - No further action,21835,2023-09-08
1809,181490,['Odor'],2023-09-08,2023-09-08,Dorchester,Incident Closed - No further action,21835,2023-09-08
1810,181489,['Odor'],2023-09-08,2023-09-08,Dorchester,Incident Closed - No further action,21835,2023-09-08
1811,181488,['Odor'],2023-09-08,2023-09-08,Dorchester,Incident Closed - No further action,21835,2023-09-08
1812,181487,['Odor'],2023-08-29,2023-08-29,Dorchester,Incident Closed - No further action,21835,2023-09-29
1813,181483,['Other'],2023-09-11,2023-09-11,Washington,Incident Closed-Managed,,2023-09-11
1814,181482,['Other'],2023-09-11,2023-09-10,Prince George's,Incident Closed-Managed,,2023-09-15
1815,181480,['Smoke'],2023-09-11,,Baltimore,Incident Closed - No further action,21228,2023-09-20
1816,181479,['Odor'],2023-09-08,,Baltimore,Incident Closed-Managed,,2023-09-11
1817,181478,['Fugitive Dust/Particulate Matter'],2023-09-08,,Baltimore,Incident Closed-No Violation Observed,,2023-09-11
1818,181462,['Fumes'],2023-09-05,,Harford,Incident Closed-Managed,,2023-09-07
1819,181459,['Odor'],2023-09-01,2023-09-01,Baltimore City,Incident Closed-Managed,,2023-09-05
1820,181458,['Odor'],2023-08-28,2023-08-28,Baltimore City,Incident Closed-Managed,,2023-09-05
1821,181457,['Odor'],2023-08-23,2023-08-23,Baltimore City,Incident Closed-Managed,,2023-09-05
1822,181456,['Odor'],2023-08-23,2023-08-23,Baltimore City,Incident Closed-Managed,,2023-09-05
1823,181455,['Odor'],2023-08-17,2023-08-17,Baltimore City,Incident Closed-Managed,,2023-09-05
1824,181454,['Odor'],2023-08-14,2023-08-14,Baltimore City,Incident Closed-Managed,,2023-09-05
1825,181453,['Odor'],2023-07-24,2023-07-24,Baltimore City,Incident Closed-Managed,,2023-09-05
1826,181452,['ARA AQCP non-regulated entity'],2023-07-21,2023-07-21,Baltimore City,Incident Closed - No further action,,2023-09-05
1827,181451,['Odor'],2023-07-20,2023-07-20,Baltimore City,Incident Closed-Managed,,2023-09-05
1828,181442,['Other'],2023-08-30,2023-08-30,Prince George's,Incident Closed-Managed,,2023-09-15
1829,181440,['Other'],2023-08-30,2023-08-30,Prince George's,Incident Closed-Managed,,2023-09-15
1830,181427,['Other'],2023-08-28,2023-08-28,Prince George's,Incident Closed-Managed,20782,2023-08-30
1831,181426,['Other'],2023-08-25,2023-08-25,Prince George's,Incident Closed-Managed,,2023-08-30
1832,181425,['Other'],2023-08-18,2023-08-18,Prince George's,Incident Closed-Managed,,2023-08-18
1833,181424,['Other'],2023-08-17,2023-08-17,Prince George's,Incident Closed-Managed,,2023-08-30
1834,181422,['Air'],2023-08-29,2023-08-29,Frederick,Incident Closed-Managed,,2023-08-29
1835,181421,['Air'],2023-08-29,2023-08-28,Frederick,Incident Closed-Managed,,2023-08-29
1836,181420,['Air'],2023-08-29,2023-08-28,Anne Arundel,Incident Closed - No further action,,2023-08-29
1837,181419,['Air'],2023-08-29,2023-08-28,Charles,Under Investigation,,
1838,181418,['Other'],2023-08-28,2023-08-28,Frederick,Referred to WMA,21788,
1839,181416,['Odor'],2023-08-22,2023-08-22,Dorchester,Incident Closed - No further action,21835,2023-08-22
1840,181412,['Other'],2023-08-17,2023-08-17,Howard,Incident Closed-Managed,20794,2023-08-28
1841,181403,['Open Burning'],2023-08-21,,Harford,Incident Closed-Managed,,2023-08-22
1842,181391,['Noise Complaint'],2023-08-17,2023-08-16,Anne Arundel,Incident Not Applicable to MDE,,
1843,181379,['Other'],2023-08-10,2023-08-10,Prince George's,Incident Closed-Managed,,2023-08-14
1844,181376,['Odor'],2023-08-14,2023-08-14,Dorchester,Referred to WMA,21643,
1845,181375,"['Fugitive Dust/Particulate Matter', 'Smoke']",2023-08-11,2023-08-11,Washington,Incident Closed-No Violation Observed,21740,2024-09-23
1846,181372,['Odor'],2023-08-10,2023-08-10,Anne Arundel,Incident Closed - No further action,,2023-08-10
1847,181371,['Odor'],2023-08-11,2023-08-09,Baltimore City,Incident Closed - No further action,,2023-08-14
1848,181365,['Odor'],2023-08-07,2023-08-05,Dorchester,Incident Closed-No Violation Observed,21643,2023-08-08
1850,181348,['Other'],2023-08-02,2023-08-02,Garrett,Incident Closed - No further action,21550,2023-08-08
1852,181327,['Odor'],2023-07-31,2023-07-31,Dorchester,Incident Closed - No further action,21643,2023-07-31
1853,181314,['Air'],2023-07-27,2023-07-27,Charles,Under Investigation,,
1854,181313,['Odor'],2023-07-26,,Baltimore,Incident Closed - No further action,,2023-07-27
1855,181311,['Fugitive Dust/Particulate Matter'],2023-07-24,2023-07-24,Washington,Incident Closed-No Violation Observed,21740,2024-09-23
1856,181307,['Odor'],2023-07-26,,Baltimore,Incident Closed - No further action,,2023-07-27
1857,181304,['Odor'],2023-07-15,2023-07-15,Baltimore City,Incident Closed-Managed,,2023-07-25
1858,181303,['Fugitive Dust/Particulate Matter'],2023-07-13,2023-07-13,Baltimore City,Incident Closed-Managed,,2023-07-25
1859,181302,['Odor'],2023-07-09,2023-07-09,Baltimore City,Incident Closed-Managed,,2023-07-25
1860,181301,['Odor'],2023-07-07,2023-07-07,Baltimore City,Incident Closed-Managed,,2023-07-25
1861,181300,['Odor'],2023-07-06,2023-07-06,Baltimore City,Incident Closed-Managed,,2023-07-25
1862,181297,['Odor'],2023-06-26,2023-06-26,Baltimore City,Incident Closed-Managed,,2023-07-25
1863,181296,['Air'],2023-06-24,2023-06-24,Baltimore City,Incident Closed - No further action,,2023-07-25
1864,181295,['Odor'],2023-06-22,2023-06-22,Baltimore City,Incident Closed-Managed,,2023-07-25
1865,181294,['Odor'],2023-06-16,2023-06-16,Baltimore City,Incident Closed-Managed,,2023-07-25
1866,181293,['Odor'],2023-07-12,2023-06-12,Baltimore City,Incident Closed-Managed,,2023-07-25
1867,181292,['Fugitive Dust/Particulate Matter'],2023-06-06,2023-06-06,Baltimore City,Incident Closed - No further action,,2023-07-25
1868,181291,['Odor'],2023-06-05,2023-06-05,Baltimore City,Incident Closed-Managed,,2023-07-25
1869,181290,['Odor'],2023-06-02,2023-06-02,Baltimore City,Incident Closed-Managed,,2023-07-25
1870,181289,['Smoke'],2023-07-24,,Harford,Incident Closed-Managed,,2023-07-31
1871,181284,['Air'],2023-07-17,2022-11-30,Montgomery,Incident Closed-Managed,20879,2024-10-18
1872,181283,"['Air', 'Fugitive Dust/Particulate Matter', 'Odor']",2023-07-14,2023-07-14,Montgomery,Referred to Outside Agency,,
1873,181278,"['Odor', 'Open Burning', 'Smoke']",2023-07-11,2023-07-10,Allegany,Incident Closed-Managed,21501,2023-07-21
1874,171278,['Air'],2023-07-20,2023-07-20,Frederick,Under Investigation,,
1875,171263,"['Odor', 'Open Burning', 'Smoke']",2023-07-06,2023-06-28,Garrett,Incident Closed - No further action,21550,2024-01-31
1876,171261,"['Odor', 'Open Burning', 'Smoke']",2023-07-06,2023-06-16,Garrett,Incident Closed - No further action,21531,2024-01-31
1877,171257,['Air'],2023-07-17,2023-07-17,Frederick,Under Investigation,21757,
1878,171251,['Air'],2023-07-13,2023-07-13,Prince George's,Incident Closed-No Violation Observed,,2023-07-13
1879,171247,['Open Burning'],2023-07-03,2023-07-03,Wicomico,Incident Closed-No Violation Observed,21804,2023-07-06
1880,171235,['Other'],2023-07-06,2023-07-06,Howard,Incident Closed-Managed,,2023-07-10
1881,171234,['Air'],2023-07-10,2023-07-06,Anne Arundel,Incident Closed-Managed,21054,2023-07-17
1882,171233,['Air'],2023-07-10,2023-07-05,Anne Arundel,Incident Closed-Managed,21122,2023-07-17
1883,171232,['Air'],2023-07-10,2023-07-03,Anne Arundel,Incident Closed-Clean-up Completed,21401,2023-07-14
1884,171231,['Air'],2023-07-10,2023-07-06,Frederick,Incident Closed-No Violation Observed,21770,2023-07-14
1885,171223,['Other'],2023-07-05,2023-07-05,Prince George's,Incident Closed-Managed,,2023-07-07
1886,171218,['Other'],2023-06-29,2023-06-29,Howard,Incident Closed-Managed,,2023-07-05
1887,171217,['Other'],2023-06-28,2023-06-28,Prince George's,Incident Closed-Managed,,2023-07-05
1888,171212,['Air'],2023-06-30,2023-06-29,Anne Arundel,Incident Closed - No further action,,2023-06-30
1889,171211,['Smoke'],2023-06-29,,Harford,Incident Closed - No further action,,2023-06-30
1890,171210,"['Air', 'Odor']",2023-06-29,2023-06-29,Carroll,Referred to Outside Agency,21158,
1891,171206,['Odor'],2023-06-27,,Baltimore,Incident Not Applicable to MDE,,
1893,171195,['Air'],2023-06-28,2023-06-28,Baltimore,Incident Closed - No further action,,2023-06-28
1894,171188,['Fumes'],2023-06-26,,Harford,Incident Closed-Managed,,2023-06-29
1895,171187,['Air'],2023-06-27,2023-06-27,Charles,Under Investigation,,
1897,171155,['Air'],2023-06-23,2023-06-23,Frederick,Under Investigation,,
1898,161146,['Fugitive Dust/Particulate Matter'],2023-06-21,,Baltimore,Incident Closed - No further action,,2023-06-21
1899,161144,['Air'],2023-06-21,2023-06-20,Frederick,Under Investigation,,
1900,161143,['Air'],2023-06-21,2023-06-19,Frederick,Under Investigation,,
1901,161141,['Odor'],2023-06-20,2023-06-15,Washington,Referred to WMA,21782,
1902,161135,"['Air', 'Fugitive Dust/Particulate Matter']",2023-06-06,2023-05-22,Cecil,Incident Closed-Managed,21904,2023-06-15
1903,161134,['Air'],2023-06-15,2023-06-13,Anne Arundel,Incident Closed-Managed,20794,2023-06-16
1904,161132,['Open Burning'],2023-06-12,2023-06-12,Cecil,Referred to Outside Agency,21921,
1905,161130,['Fugitive Dust/Particulate Matter'],2023-06-14,,Baltimore,Incident Closed-No Violation Observed,,2023-06-23
1906,161125,['Fugitive Dust/Particulate Matter'],2023-06-14,,Baltimore,Incident Closed-No Violation Observed,,2023-06-23
1907,161116,['Open Burning'],2023-06-05,2023-06-05,Carroll,Referred to Outside Agency,21771,
1908,161115,['Air'],2023-06-12,2023-06-12,Frederick,Under Investigation,,
1909,161112,['Other'],2023-06-07,2023-06-07,Howard,Incident Closed-Managed,,2023-08-07
1910,161111,['Other'],2023-06-06,2023-06-06,Howard,Incident Closed-Managed,,2023-06-12
1911,161106,['Fugitive Dust/Particulate Matter'],2023-06-02,2023-06-02,Allegany,Incident Closed - No further action,,2024-01-31
1912,161105,['Odor'],2023-06-09,,Harford,Referred to Outside Agency,,
1913,161104,['Air'],2023-06-08,,Harford,Incident Closed-Managed,,2023-06-09
1914,161102,['Open Burning'],2023-06-06,2023-06-06,Wicomico,Incident Closed-No Violation Observed,21801,2023-06-06
1915,161102,['Open Burning'],2023-06-06,2023-06-06,Wicomico,Incident Closed-No Violation Observed,21822,2023-06-06
1916,161101,['Fugitive Dust/Particulate Matter'],2023-06-07,2023-06-07,Dorchester,Incident Closed-Managed,21664,2023-06-08
1917,161093,['Air'],2023-06-08,2023-06-07,Frederick,Under Investigation,,
1918,161092,['Air'],2023-06-08,2023-06-05,Frederick,Incident Closed - No further action,,2023-06-08
1919,161089,['Fugitive Dust/Particulate Matter'],2023-05-19,2023-05-10,Washington,Incident Closed-No Violation Observed,21740,2024-03-19
1920,161086,['Non-Tidal Wetlands/Waterway'],2023-05-17,2023-05-17,Allegany,Incident Closed - No further action,21539,2023-06-08
1921,161081,['Odor'],2023-06-01,2023-06-01,Baltimore City,Incident Closed-Managed,,2023-06-07
1922,161080,['Odor'],2023-05-31,2023-05-31,Baltimore City,Incident Closed-Managed,,2023-06-07
1923,161079,['Odor'],2023-05-29,2023-05-29,Baltimore City,Incident Closed-Managed,,2023-06-07
1924,161078,['Odor'],2023-05-28,2023-05-28,Baltimore City,Incident Closed-Managed,,2023-06-07
1925,161077,['Odor'],2023-05-27,2023-05-27,Baltimore City,Incident Closed-Managed,,2023-06-07
1926,161076,['Odor'],2023-05-24,2023-05-24,Baltimore City,Incident Closed-Managed,,2023-06-07
1927,161075,['Odor'],2023-05-19,2023-05-19,Baltimore City,Incident Closed-Managed,,2023-06-07
1928,161074,['Odor'],2023-05-18,2023-05-18,Baltimore City,Incident Closed-Managed,,2023-06-07
1929,161073,['Fugitive Dust/Particulate Matter'],2023-05-17,2023-05-17,Baltimore City,Incident Closed-Managed,,2023-06-07
1930,161072,['Fugitive Dust/Particulate Matter'],2023-05-16,2023-05-16,Baltimore City,Incident Closed-Managed,,2023-06-07
1931,161071,['Odor'],2023-05-10,2023-05-10,Baltimore City,Incident Closed-Managed,,2023-06-07
1932,161070,['Odor'],2023-05-09,2023-05-09,Baltimore City,Incident Closed-Managed,,2023-06-07
1934,161065,['Odor'],2023-05-08,2023-05-08,Baltimore City,Incident Closed-Managed,,2023-06-06
1935,161064,['Other'],2023-06-05,2023-06-05,Howard,Incident Closed-Managed,,2023-06-06
1936,161063,['Other'],2023-06-01,2023-06-01,Prince George's,Incident Closed-Managed,,2023-06-06
1937,161062,['Odor'],2023-05-07,2023-05-07,Baltimore City,Incident Closed-Managed,,2023-06-06
1938,161061,['Other'],2023-06-01,2023-06-01,Howard,Incident Closed-Managed,21075,2023-06-06
1939,161060,['Odor'],2023-05-06,2023-05-06,Baltimore City,Incident Closed-Managed,,2023-06-06
1940,161059,['Other'],2023-05-31,2023-05-31,Howard,Incident Closed-Managed,21075,2023-06-06
1941,161058,['Other'],2023-05-23,2023-05-23,Howard,Incident Closed-Managed,21075,2023-06-06
1942,161057,['Odor'],2023-05-05,2023-05-05,Baltimore City,Incident Closed-Managed,,2023-06-06
1943,161055,['Air'],2023-06-06,2023-06-03,Anne Arundel,Under Investigation,,
1944,161054,['Air'],2023-06-06,2023-06-02,Anne Arundel,Incident Closed-No Violation Observed,,2023-10-27
1945,161042,['Air'],2023-06-02,2023-06-02,Frederick,Under Investigation,,
1946,161041,['Air'],2023-06-02,2023-05-31,Frederick,Under Investigation,,
1947,161040,['Air'],2023-06-02,2023-05-26,Frederick,Under Investigation,,
1948,161035,['Air'],2023-06-02,2023-06-01,Anne Arundel,Under Investigation,,
1949,161034,['Air'],2023-06-02,2023-05-31,Anne Arundel,Incident Closed - No further action,,2023-06-02
1950,161033,['Air'],2023-06-02,2023-05-31,Anne Arundel,Incident Closed-No Violation Observed,21113,2023-06-02
1951,161032,['Air'],2023-06-02,2023-05-30,Anne Arundel,Incident Closed - No further action,,2023-06-02
1952,161031,['Air'],2023-06-02,2023-05-26,Anne Arundel,Incident Closed-No Violation Observed,21113,2023-06-12
1953,161030,['Other'],2023-06-01,,St. Mary's,Incident Closed - No further action,,2023-06-02
1954,161027,"['Air', 'Fugitive Dust/Particulate Matter']",2023-05-31,2023-05-31,Montgomery,Referred to Outside Agency,20912,
1955,161012,"['Air', 'Fumes', 'Odor']",2023-05-25,2023-05-25,Montgomery,Incident Closed-Managed,20837,2024-11-19
1956,161012,"['Air', 'Fumes', 'Odor']",2023-05-25,2023-05-25,Montgomery,Incident Closed-Managed,20853,2024-11-19
1957,161008,['Other'],2023-05-25,,Baltimore,Incident Closed - No further action,,2023-05-26
1958,161002,['Air'],2023-05-24,2023-05-24,Frederick,Under Investigation,,
1959,161000,"['Fumes', 'Odor', 'Smoke']",2023-05-23,2023-05-23,Wicomico,Incident Closed-Managed,21801,2023-05-24
1960,160992,['Odor'],2023-05-22,2023-05-13,Baltimore,Incident Closed - No further action,21222,2023-05-22
1961,160990,"['Air', 'Fumes', 'Odor']",2023-05-19,2023-05-19,Montgomery,Incident Closed-Managed,20837,2024-11-19
1962,160989,"['Air', 'Fumes', 'Odor']",2023-05-19,2023-05-19,Montgomery,Incident Closed-Managed,20853,2024-11-19
1963,160989,"['Air', 'Fumes', 'Odor']",2023-05-19,2023-05-19,Montgomery,Incident Closed-Managed,20837,2024-11-19
1964,160986,['Fumes'],2023-05-18,,Baltimore,Referred to Outside Agency,,
1965,160982,['Air'],2023-05-19,2023-05-18,Frederick,Incident Closed - No further action,,2023-11-17
1966,160982,['Air'],2023-05-19,2023-05-18,Frederick,Incident Closed - No further action,,2023-11-17
1967,160981,['Air'],2023-05-19,2023-05-17,Anne Arundel,Incident Closed - No further action,,2023-05-19
1968,150983,"['Air', 'Fumes', 'Odor']",2023-05-16,2023-05-16,Montgomery,Incident Closed-Managed,20853,2024-11-19
1969,150983,"['Air', 'Fumes', 'Odor']",2023-05-16,2023-05-16,Montgomery,Incident Closed-Managed,20837,2024-11-19
1970,150982,"['Air', 'Fumes', 'Odor']",2023-05-16,2023-05-16,Montgomery,Incident Closed-Managed,20853,2024-11-19
1971,150981,['Air'],2023-05-09,2023-05-09,Montgomery,Incident Closed-Managed,20879,2023-05-18
1972,150978,['Odor'],2023-05-04,2023-05-04,Dorchester,Incident Closed - No further action,21835,2023-05-04
1973,150977,['Fumes'],2023-05-16,,Baltimore,Incident Closed-Managed,,2023-05-17
1974,150965,"['Air', 'Fumes', 'Odor']",2023-05-15,2023-05-15,Montgomery,Incident Closed-Managed,20837,2024-11-19
1975,150964,['Fumes'],2023-05-15,,Baltimore,Incident Closed-Managed,,2023-05-17
1976,150963,['Odor'],2023-05-15,,Baltimore,Referred to Outside Agency,,
1977,150958,['Air'],2023-05-15,2023-05-12,Frederick,Incident Closed - No further action,,2023-05-15
1978,150957,['Air'],2023-05-15,2023-05-09,Frederick,Under Investigation,,
1979,150956,['Air'],2023-05-15,2023-05-08,Anne Arundel,Incident Closed-No Violation Observed,,2023-05-15
1980,150951,['Smoke'],2023-05-12,2023-03-09,Harford,Incident Closed - No further action,,2023-05-12
1981,150950,['Smoke'],2023-05-12,2023-03-09,Harford,Incident Closed - No further action,,2023-05-12
1982,150949,['Smoke'],2023-05-12,2023-03-09,Harford,Incident Closed - No further action,,2023-05-12
1983,150947,"['Air', 'Fumes', 'Odor']",2023-05-11,2023-05-11,Montgomery,Incident Closed-Managed,20837,2024-11-19
1984,150946,['Air'],2023-05-12,2023-05-11,Charles,Incident Closed-No Violation Observed,20601,2023-06-14
1985,150945,"['Air', 'Fumes', 'Odor']",2023-05-07,2023-05-07,Montgomery,Incident Closed-Managed,20837,2024-11-19
1986,150941,['Odor'],2023-04-07,2023-04-07,Howard,Incident Closed - No further action,20723,2023-04-07
1987,150938,"['Air', 'Other']",2023-04-20,2023-04-20,Carroll,Referred to Outside Agency,21776-811,
1988,150932,['Other'],2023-05-08,2023-05-08,Prince George's,Incident Closed-Managed,,2023-05-10
1989,150931,['Other'],2023-05-03,2023-05-03,Prince George's,Incident Closed-Managed,,2023-06-14
1990,150930,['Fugitive Dust/Particulate Matter'],2023-04-20,2023-04-20,Baltimore City,Incident Closed-Managed,,2023-05-09
1991,150929,['Odor'],2023-04-26,2023-04-26,Baltimore City,Incident Closed-Managed,,2023-05-09
1992,150928,['Odor'],2023-04-23,2023-04-23,Baltimore City,Incident Closed-Managed,,2023-05-09
1993,150927,['Odor'],2023-04-22,2023-04-22,Baltimore City,Incident Closed-Managed,,2023-05-09
1994,150926,['Odor'],2023-04-21,2023-04-21,Baltimore City,Incident Closed-Managed,,2023-05-09
1995,150925,['Air'],2023-05-09,2023-05-09,Frederick,Under Investigation,,
1996,150916,['Air'],2023-05-08,2023-05-04,Anne Arundel,Incident Closed-No Violation Observed,,2023-05-08
1997,150915,['Air'],2023-05-08,2023-05-04,Anne Arundel,Incident Closed - No further action,,2023-05-19
1998,150914,['Air'],2023-05-08,2023-05-03,Anne Arundel,Incident Closed - No further action,,2023-05-19
1999,150902,['Open Burning'],2023-05-03,2023-05-03,Somerset,Incident Closed-No Violation Observed,21853,2023-05-03
2000,150896,['Odor'],2023-05-02,,Baltimore,Incident Closed-No Violation Observed,21093,2023-05-08
2001,150894,"['Air', 'Other']",2023-05-01,2023-05-01,Cecil,Incident Closed - No further action,,2023-05-02
2002,150891,['Other'],2023-04-28,2023-04-28,Cecil,Referred to Outside Agency,21901,
2003,150887,['Air'],2023-05-01,2023-04-28,Anne Arundel,Incident Closed - No further action,,2023-05-05
2004,150886,['Air'],2023-05-01,2023-04-26,Anne Arundel,Under Investigation,,
2005,150867,['Other'],2023-04-27,,Baltimore,Incident Closed-Managed,,2023-04-27
2006,150864,"['Air', 'Fugitive Dust/Particulate Matter']",2023-04-20,2023-04-20,Montgomery,Incident Closed-Managed,20852,2023-04-27
2007,150854,"['Open Burning', 'Smoke']",2023-04-19,2023-04-19,Worcester,Incident Closed-No Violation Observed,21851,2023-05-02
2008,150854,"['Open Burning', 'Smoke']",2023-04-19,2023-04-19,Worcester,Incident Closed-No Violation Observed,21851,2023-05-02
2009,150854,"['Open Burning', 'Smoke']",2023-04-19,2023-04-19,Worcester,Incident Closed-No Violation Observed,21851,2023-05-02
2010,150854,"['Open Burning', 'Smoke']",2023-04-19,2023-04-19,Worcester,Incident Closed-No Violation Observed,21851,2023-05-02
2011,150854,"['Open Burning', 'Smoke']",2023-04-19,2023-04-19,Worcester,Incident Closed-No Violation Observed,21851,2023-05-02
2012,150848,['Open Burning'],2023-04-23,,Harford,Incident Closed-Managed,,2023-04-28
2013,150843,['Odor'],2023-04-16,2023-04-16,Baltimore City,Incident Closed-Managed,,2023-04-21
2014,150842,['Odor'],2023-04-03,2023-04-03,Baltimore City,Incident Closed-Managed,,2023-04-21
2015,150841,['Odor'],2023-03-29,2023-03-29,Baltimore City,Incident Closed-Managed,,2023-04-21
2016,150840,['Odor'],2023-03-27,2023-03-27,Baltimore City,Incident Closed-Managed,,2023-04-21
2017,150839,['Odor'],2023-03-26,2023-03-26,Baltimore City,Incident Closed-Managed,,2023-04-21
2018,150837,['Odor'],2023-03-25,2023-03-25,Baltimore City,Incident Closed-Managed,,2023-04-21
2019,140835,['Fugitive Dust/Particulate Matter'],2023-04-19,,Baltimore,Incident Closed - No further action,,2023-04-24
2020,140834,['Air'],2023-04-20,2023-04-20,Anne Arundel,Incident Closed-No Violation Observed,,2023-05-05
2023,140827,['Other'],2023-04-12,2023-04-12,Prince George's,Incident Closed-Managed,,2023-04-19
2024,140826,['Air'],2023-04-19,2023-04-19,Frederick,Under Investigation,,
2025,140816,['Air'],2023-04-17,2023-04-17,Frederick,Under Investigation,,
2026,140809,['Odor'],2023-04-14,,Baltimore,Incident Closed - No further action,,2023-04-14
2027,140797,['Other'],2023-04-09,2023-04-09,Prince George's,Incident Closed-Managed,,2023-04-12
2028,140796,['Other'],2023-04-09,2023-04-09,Prince George's,Incident Closed-Managed,,2023-04-12
2029,140795,['Other'],2023-04-10,2023-04-10,Prince George's,Incident Closed-Managed,,2023-04-12
2030,140792,['Other'],2023-04-12,2023-04-04,Prince George's,Incident Closed-Managed,,2023-04-12
2031,140791,['Other'],2023-04-04,2023-04-04,Prince George's,Incident Closed-Managed,,2023-04-12
2032,140782,"['Air', 'Fumes', 'Odor']",2023-04-10,2023-04-10,Montgomery,Referred to Outside Agency,20837,
2033,140781,"['Air', 'Fumes', 'Odor']",2023-03-30,2023-03-30,Montgomery,Referred to Outside Agency,20837,
2034,140780,"['Air', 'Fumes', 'Other']",2023-03-30,2023-03-30,Montgomery,Referred to Outside Agency,20847,
2035,140778,['Air'],2023-04-10,2023-04-10,Frederick,Incident Closed - No further action,21757,2023-04-10
2036,140777,"['Fumes', 'Open Burning', 'Smoke']",2023-03-31,2023-03-31,Cecil,Referred to Outside Agency,21919,
2037,140776,"['Open Burning', 'Smoke']",2023-03-31,2023-03-31,Cecil,Referred to Outside Agency,21921,
2038,140775,['Fugitive Dust/Particulate Matter'],2023-04-05,2023-04-05,Cecil,Incident Closed - No further action,,2023-04-07
2039,140774,"['Open Burning', 'Smoke']",2023-04-05,2023-04-05,Cecil,Referred to Outside Agency,21919,
2040,140773,['Smoke'],2023-04-05,,St. Mary's,Incident Closed-Managed,,2023-04-07
2041,140772,['Smoke'],2023-04-03,,St. Mary's,Incident Closed-Managed,,2023-04-07
2042,140771,"['Air', 'Odor', 'Smoke']",2023-04-06,2023-04-06,Montgomery,Referred to Outside Agency,,
2043,140769,['Smoke'],2023-04-05,2023-04-05,Wicomico,Incident Closed - No further action,21849,2023-04-06
2044,140768,"['Fumes', 'Smoke']",2023-04-05,2023-04-05,Garrett,Incident Closed-Managed,21536,2023-05-26
2045,140767,['Asbestos Complaint'],2023-03-21,2023-03-21,Allegany,Referred to ARA,21501,
2046,140766,['Other'],2023-03-17,2023-03-17,Allegany,Incident Closed - No further action,,2023-04-06
2047,140765,['Asbestos Complaint'],2023-03-10,2023-03-10,Allegany,Referred to ARA,,
2049,140761,['Odor'],2023-04-05,2023-03-30,Baltimore City,Incident Closed - No further action,21231,2023-04-07
2050,140760,['Air'],2023-04-05,2023-04-05,Anne Arundel,Incident Closed-No Violation Observed,,2023-04-05
2051,140757,['Odor'],2023-03-24,2023-03-24,Dorchester,Incident Closed - No further action,21835,2023-03-24
2052,140756,['Odor'],2023-04-03,2023-04-03,Baltimore City,Incident Closed - No further action,21224,2023-04-03
2053,140752,['Air'],2023-04-04,2023-04-03,Frederick,Incident Closed-Managed,,2023-06-21
2054,140751,['Air'],2023-04-04,2023-04-02,Anne Arundel,Incident Closed-No Violation Observed,,2023-04-04
2055,140750,"['Air', 'Fumes', 'Odor']",2023-03-31,2023-03-31,Cecil,Incident Closed-Managed,21920,2023-04-03
2056,140734,['Air'],2023-03-31,2023-03-29,Frederick,Incident Closed-Managed,21757,2023-06-21
2057,140732,['Other'],2023-03-29,2023-03-29,Prince George's,Incident Closed-Managed,,2023-03-31
2058,140729,['Other'],2023-03-29,,Baltimore,Incident Closed - No further action,,2023-03-30
2059,140728,['Smoke'],2023-03-28,,Baltimore,Referred to Outside Agency,,
2060,140726,"['Odor', 'Smoke']",2023-03-30,2023-03-26,Caroline,Referred to Outside Agency,21629,
2061,140716,"['Air', 'Fumes', 'Odor']",2023-03-27,2023-03-27,Montgomery,Referred to Outside Agency,20837,
2062,140715,['Other'],2023-03-27,2023-03-27,Prince George's,Incident Closed-Managed,,2023-03-29
2063,140714,['Odor'],2023-03-27,2023-03-27,Howard,Incident Closed-Managed,21075,2023-06-06
2064,140713,['Odor'],2023-03-24,2023-03-24,Dorchester,Incident Closed-Managed,21835,2023-03-24
2065,140712,"['Air', 'Fumes', 'Odor']",2023-03-27,2023-03-27,Montgomery,Incident Closed-Managed,20837,2024-11-19
2066,140710,"['Air', 'Fumes', 'Odor', 'Smoke']",2023-03-27,2023-03-27,Montgomery,Incident Closed-Managed,,2023-03-28
2067,140709,"['Air', 'Fumes', 'Smoke']",2023-03-27,2023-03-27,Montgomery,Incident Closed-Managed,,2023-03-28
2068,140708,"['Air', 'Fumes', 'Odor']",2023-03-22,2023-03-22,Montgomery,Referred to Outside Agency,20837,
2069,140707,['Air'],2023-03-28,2023-03-26,Anne Arundel,Incident Closed-Managed,21060,2023-10-13
2070,140706,['Air'],2023-03-28,2023-03-27,Anne Arundel,Incident Closed - No further action,,2023-03-28
2072,140704,"['Fumes', 'Odor', 'Open Burning']",2023-03-22,2023-03-22,Carroll,Referred to Outside Agency,21776,
2073,140700,['Fugitive Dust/Particulate Matter'],2023-03-26,,Harford,Incident Closed-No Violation Observed,21001,2023-03-27
2074,140696,['Odor'],2023-03-22,2023-03-22,Anne Arundel,Incident Closed - No further action,21226,2023-03-22
2075,140690,['Fugitive Dust/Particulate Matter'],2023-03-23,,Harford,Incident Closed-No Violation Observed,,2023-03-27
2076,140676,['Air'],2023-03-22,2023-03-22,Anne Arundel,Incident Closed - No further action,,2023-03-22
2077,140674,['Fugitive Dust/Particulate Matter'],2023-03-21,,Baltimore,Incident Closed-No Violation Observed,,2023-03-28
2078,140673,['Smoke'],2023-03-18,,Baltimore,Incident Closed-No Violation Observed,21228,2023-03-22
2079,140671,['Air'],2023-03-22,2023-03-22,Frederick,Under Investigation,21757,
2080,140670,['Air'],2023-03-22,2023-03-21,Frederick,Under Investigation,21757,
2081,140654,['Air'],2023-03-20,2023-03-20,Anne Arundel,Incident Closed - No further action,,2023-03-28
2082,140652,['Other'],2023-03-15,2023-03-13,Queen Anne's,Incident Closed-Managed,21638,2023-03-15
2083,140651,['Open Burning'],2023-03-14,2023-03-14,Somerset,Incident Closed-Managed,21853,2023-03-15
2084,140649,['Odor'],2023-03-17,2023-03-17,Baltimore City,Incident Closed-Managed,,2023-03-17
2085,140648,['Odor'],2023-03-12,2023-03-12,Baltimore City,Incident Closed-Managed,,2023-03-17
2086,140647,['Odor'],2023-03-10,2023-03-10,Baltimore City,Incident Closed-Managed,,2023-03-17
2087,140646,['Fumes'],2023-03-17,,Baltimore,Incident Closed - No further action,,2023-03-17
2088,140645,['Other'],2023-03-13,,St. Mary's,Incident Closed - No further action,,2023-03-17
2089,140644,['Other'],2023-03-13,,Baltimore,Incident Closed - No further action,,2023-03-17
2090,140640,['Odor'],2023-03-10,2023-03-10,Dorchester,Incident Closed - No further action,21835,2023-03-10
2094,140634,['Air'],2023-03-15,2023-03-10,Anne Arundel,Incident Closed-Managed,21060,2024-10-23
2098,140627,"['Air', 'Odor', 'Smoke']",2023-03-13,2023-03-13,Montgomery,Referred to Outside Agency,,
2100,140624,['Air'],2023-03-13,2023-03-10,Anne Arundel,Incident Closed-No Violation Observed,,2023-03-13
2101,140618,['Air'],2023-03-10,2023-03-09,Anne Arundel,Incident Closed - No further action,21060,2024-10-23
2102,140616,['Odor'],2023-03-10,,Baltimore,Incident Closed - No further action,,2023-03-10
2107,140607,['Air'],2023-03-10,2023-03-09,Anne Arundel,Under Investigation,21122,
